algorithm_name,env_n,size,best_solution,H,states,time,success
random,0,4,"[2, 0, 3, 1]",0,5,5.173683166503906e-05,True
random,1,4,"[2, 0, 3, 1]",0,13,5.340576171875e-05,True
random,2,4,"[1, 3, 0, 2]",0,7,5.030632019042969e-05,True
random,3,4,"[2, 0, 3, 1]",0,13,5.0067901611328125e-05,True
random,4,4,"[2, 0, 3, 1]",0,1,4.76837158203125e-06,True
random,5,4,"[1, 3, 0, 2]",0,13,6.270408630371094e-05,True
random,6,4,"[1, 3, 0, 2]",0,55,0.00037026405334472656,True
random,7,4,"[1, 3, 0, 2]",0,14,9.751319885253906e-05,True
random,8,4,"[2, 0, 3, 1]",0,4,2.9802322387695312e-05,True
random,9,4,"[1, 3, 0, 2]",0,2,1.3828277587890625e-05,True
random,10,4,"[1, 3, 0, 2]",0,5,3.528594970703125e-05,True
random,11,4,"[1, 3, 0, 2]",0,5,3.719329833984375e-05,True
random,12,4,"[2, 0, 3, 1]",0,2,1.3113021850585938e-05,True
random,13,4,"[1, 3, 0, 2]",0,7,5.91278076171875e-05,True
random,14,4,"[1, 3, 0, 2]",0,18,0.0001366138458251953,True
random,15,4,"[1, 3, 0, 2]",0,4,2.6702880859375e-05,True
random,16,4,"[1, 3, 0, 2]",0,4,2.7418136596679688e-05,True
random,17,4,"[2, 0, 3, 1]",0,8,6.103515625e-05,True
random,18,4,"[1, 3, 0, 2]",0,2,1.3113021850585938e-05,True
random,19,4,"[2, 0, 3, 1]",0,15,0.00011396408081054688,True
random,20,4,"[2, 0, 3, 1]",0,1,8.821487426757812e-06,True
random,21,4,"[1, 3, 0, 2]",0,11,8.654594421386719e-05,True
random,22,4,"[1, 3, 0, 2]",0,3,1.9550323486328125e-05,True
random,23,4,"[1, 3, 0, 2]",0,1,8.106231689453125e-06,True
random,24,4,"[1, 3, 0, 2]",0,16,0.00012230873107910156,True
random,25,4,"[1, 3, 0, 2]",0,19,0.00014162063598632812,True
random,26,4,"[2, 0, 3, 1]",0,3,3.504753112792969e-05,True
random,27,4,"[1, 3, 0, 2]",0,2,1.7642974853515625e-05,True
random,28,4,"[2, 0, 3, 1]",0,64,0.000484466552734375,True
random,29,4,"[2, 0, 3, 1]",0,5,3.4332275390625e-05,True
random,30,4,"[2, 0, 3, 1]",0,2,1.7404556274414062e-05,True
random,31,4,"[1, 3, 0, 2]",0,9,5.91278076171875e-05,True
random,32,4,"[2, 0, 3, 1]",0,12,8.96453857421875e-05,True
random,33,4,"[1, 3, 0, 2]",0,9,6.198883056640625e-05,True
random,34,4,"[1, 3, 0, 2]",0,11,8.368492126464844e-05,True
random,35,4,"[1, 3, 0, 2]",0,10,7.319450378417969e-05,True
random,36,4,"[1, 3, 0, 2]",0,1,7.867813110351562e-06,True
random,37,4,"[1, 3, 0, 2]",0,11,8.559226989746094e-05,True
random,38,4,"[1, 3, 0, 2]",0,3,1.9311904907226562e-05,True
random,39,4,"[2, 0, 3, 1]",0,37,0.0002834796905517578,True
random,40,4,"[2, 0, 3, 1]",0,2,1.2636184692382812e-05,True
random,41,4,"[1, 3, 0, 2]",0,13,9.965896606445312e-05,True
random,42,4,"[1, 3, 0, 2]",0,8,5.91278076171875e-05,True
random,43,4,"[1, 3, 0, 2]",0,24,0.00018215179443359375,True
random,44,4,"[2, 0, 3, 1]",0,2,1.3113021850585938e-05,True
random,45,4,"[1, 3, 0, 2]",0,3,2.384185791015625e-05,True
random,46,4,"[1, 3, 0, 2]",0,12,8.726119995117188e-05,True
random,47,4,"[2, 0, 3, 1]",0,14,9.703636169433594e-05,True
random,48,4,"[2, 0, 3, 1]",0,8,5.1975250244140625e-05,True
random,49,4,"[2, 0, 3, 1]",0,4,2.8848648071289062e-05,True
random,0,8,"[7, 3, 0, 2, 5, 1, 6, 4]",0,586,0.00975942611694336,True
random,1,8,"[2, 4, 1, 7, 0, 6, 3, 5]",0,157,0.0008571147918701172,True
random,2,8,"[5, 1, 6, 0, 2, 4, 7, 3]",0,881,0.004645109176635742,True
random,3,8,"[2, 6, 1, 7, 5, 3, 0, 4]",0,104,0.0005702972412109375,True
random,4,8,"[2, 4, 1, 7, 0, 6, 3, 5]",0,633,0.0033593177795410156,True
random,5,8,"[5, 3, 6, 0, 2, 4, 1, 7]",0,81,0.00045013427734375,True
random,6,8,"[3, 7, 0, 4, 6, 1, 5, 2]",0,66,0.000370025634765625,True
random,7,8,"[3, 6, 2, 7, 1, 4, 0, 5]",0,519,0.00275421142578125,True
random,8,8,"[3, 1, 4, 7, 5, 0, 2, 6]",0,1638,0.00863194465637207,True
random,9,8,"[4, 1, 3, 6, 2, 7, 5, 0]",0,320,0.0017094612121582031,True
random,10,8,"[2, 5, 1, 6, 0, 3, 7, 4]",0,325,0.0017399787902832031,True
random,11,8,"[3, 7, 4, 2, 0, 6, 1, 5]",0,597,0.004887104034423828,True
random,12,8,"[2, 5, 7, 0, 4, 6, 1, 3]",0,81,0.0008223056793212891,True
random,13,8,"[3, 6, 2, 7, 1, 4, 0, 5]",0,242,0.002443075180053711,True
random,14,8,"[3, 6, 4, 1, 5, 0, 2, 7]",0,1029,0.008184194564819336,True
random,15,8,"[4, 0, 7, 3, 1, 6, 2, 5]",0,628,0.003529787063598633,True
random,16,8,"[2, 7, 3, 6, 0, 5, 1, 4]",0,1017,0.005738258361816406,True
random,17,8,"[3, 1, 6, 4, 0, 7, 5, 2]",0,154,0.0008449554443359375,True
random,18,8,"[3, 6, 0, 7, 4, 1, 5, 2]",0,227,0.0012183189392089844,True
random,19,8,"[1, 7, 5, 0, 2, 4, 6, 3]",0,120,0.0006506443023681641,True
random,20,8,"[7, 3, 0, 2, 5, 1, 6, 4]",0,125,0.0006837844848632812,True
random,21,8,"[2, 5, 3, 1, 7, 4, 6, 0]",0,221,0.0011861324310302734,True
random,22,8,"[7, 2, 0, 5, 1, 4, 6, 3]",0,280,0.0016117095947265625,True
random,23,8,"[2, 5, 1, 6, 0, 3, 7, 4]",0,302,0.0016121864318847656,True
random,24,8,"[2, 5, 7, 0, 3, 6, 4, 1]",0,268,0.001544952392578125,True
random,25,8,"[3, 5, 0, 4, 1, 7, 2, 6]",0,148,0.0008072853088378906,True
random,26,8,"[3, 6, 0, 7, 4, 1, 5, 2]",0,697,0.0036995410919189453,True
random,27,8,"[2, 5, 3, 0, 7, 4, 6, 1]",0,379,0.0020165443420410156,True
random,28,8,"[4, 1, 7, 0, 3, 6, 2, 5]",0,1291,0.00685882568359375,True
random,29,8,"[4, 7, 3, 0, 2, 5, 1, 6]",0,532,0.002819538116455078,True
random,30,8,"[2, 5, 3, 1, 7, 4, 6, 0]",0,1117,0.010120868682861328,True
random,31,8,"[4, 1, 3, 5, 7, 2, 0, 6]",0,1429,0.008988618850708008,True
random,32,8,"[4, 2, 7, 3, 6, 0, 5, 1]",0,320,0.0018687248229980469,True
random,33,8,"[3, 6, 2, 7, 1, 4, 0, 5]",0,388,0.0022106170654296875,True
random,34,8,"[4, 6, 1, 5, 2, 0, 3, 7]",0,491,0.0025887489318847656,True
random,35,8,"[3, 6, 4, 1, 5, 0, 2, 7]",0,451,0.002382993698120117,True
random,36,8,"[2, 5, 1, 4, 7, 0, 6, 3]",0,438,0.002324342727661133,True
random,37,8,"[4, 6, 0, 2, 7, 5, 3, 1]",0,1564,0.008342981338500977,True
random,38,8,"[3, 1, 6, 2, 5, 7, 0, 4]",0,111,0.0005867481231689453,True
random,39,8,"[1, 3, 5, 7, 2, 0, 6, 4]",0,404,0.002115964889526367,True
random,40,8,"[5, 3, 1, 7, 4, 6, 0, 2]",0,333,0.0017573833465576172,True
random,41,8,"[0, 6, 3, 5, 7, 1, 4, 2]",0,316,0.001657247543334961,True
random,42,8,"[3, 6, 2, 7, 1, 4, 0, 5]",0,401,0.0021097660064697266,True
random,43,8,"[1, 4, 6, 3, 0, 7, 5, 2]",0,82,0.0007750988006591797,True
random,44,8,"[1, 6, 2, 5, 7, 4, 0, 3]",0,530,0.002803325653076172,True
random,45,8,"[7, 3, 0, 2, 5, 1, 6, 4]",0,68,0.0003802776336669922,True
random,46,8,"[3, 6, 4, 1, 5, 0, 2, 7]",0,1002,0.00541996955871582,True
random,47,8,"[7, 2, 0, 5, 1, 4, 6, 3]",0,115,0.0006105899810791016,True
random,48,8,"[4, 6, 3, 0, 2, 7, 5, 1]",0,572,0.003017902374267578,True
random,49,8,"[2, 5, 7, 0, 3, 6, 4, 1]",0,101,0.0005614757537841797,True
random,0,10,"[9, 6, 3, 0, 4, 1, 8, 5, 7, 2]",0,1489,0.01100468635559082,True
random,1,10,"[7, 4, 1, 9, 0, 5, 3, 8, 6, 2]",0,1829,0.013727426528930664,True
random,2,10,"[2, 9, 3, 6, 8, 1, 5, 7, 0, 4]",0,590,0.004467010498046875,True
random,3,10,"[4, 6, 8, 3, 1, 7, 9, 2, 0, 5]",0,1072,0.007713794708251953,True
random,4,10,"[4, 7, 3, 5, 9, 1, 6, 0, 2, 8]",1,10000,0.07274699211120605,False
random,5,10,"[8, 0, 7, 3, 1, 6, 9, 5, 2, 4]",0,1714,0.012365102767944336,True
random,6,10,"[4, 2, 5, 8, 0, 7, 3, 1, 6, 9]",1,10000,0.07281780242919922,False
random,7,10,"[3, 7, 0, 4, 8, 1, 5, 9, 2, 6]",0,3014,0.022057294845581055,True
random,8,10,"[2, 4, 1, 8, 5, 9, 6, 3, 0, 7]",0,2756,0.020583391189575195,True
random,9,10,"[5, 1, 9, 6, 8, 2, 0, 3, 7, 4]",0,109,0.0007829666137695312,True
random,10,10,"[6, 2, 7, 5, 1, 9, 4, 0, 8, 3]",0,2336,0.01712822914123535,True
random,11,10,"[4, 7, 3, 8, 6, 2, 0, 5, 1, 9]",0,4798,0.03619861602783203,True
random,12,10,"[8, 0, 2, 7, 5, 1, 9, 4, 6, 3]",0,543,0.004114866256713867,True
random,13,10,"[3, 9, 4, 1, 8, 6, 2, 7, 5, 0]",0,2271,0.016497135162353516,True
random,14,10,"[3, 7, 2, 4, 8, 0, 5, 9, 6, 1]",0,1972,0.014801025390625,True
random,15,10,"[9, 3, 8, 4, 2, 0, 6, 1, 7, 5]",0,2346,0.017259836196899414,True
random,16,10,"[9, 4, 1, 5, 0, 2, 6, 8, 3, 7]",0,1784,0.013498783111572266,True
random,17,10,"[6, 8, 3, 5, 0, 9, 1, 4, 2, 7]",0,8480,0.06186723709106445,True
random,18,10,"[5, 3, 8, 0, 2, 9, 6, 1, 7, 4]",0,1917,0.013772010803222656,True
random,19,10,"[7, 0, 3, 6, 8, 1, 4, 9, 5, 2]",0,2883,0.021474123001098633,True
random,20,10,"[4, 8, 1, 9, 6, 3, 0, 7, 5, 2]",0,3439,0.02549266815185547,True
random,21,10,"[7, 0, 2, 5, 8, 6, 9, 3, 1, 4]",0,3642,0.027120351791381836,True
random,22,10,"[2, 9, 7, 1, 3, 8, 6, 4, 0, 5]",0,4778,0.035082101821899414,True
random,23,10,"[3, 7, 2, 4, 6, 9, 0, 5, 1, 8]",0,1134,0.008105754852294922,True
random,24,10,"[2, 4, 9, 7, 3, 1, 6, 8, 5, 0]",0,1360,0.009710311889648438,True
random,25,10,"[7, 1, 8, 2, 5, 3, 0, 9, 4, 6]",0,6667,0.0485224723815918,True
random,26,10,"[1, 8, 2, 7, 9, 3, 5, 0, 4, 6]",0,397,0.0028426647186279297,True
random,27,10,"[7, 4, 1, 8, 6, 3, 0, 2, 9, 5]",0,116,0.0008306503295898438,True
random,28,10,"[7, 5, 2, 8, 1, 3, 9, 6, 4, 0]",0,1785,0.01286458969116211,True
random,29,10,"[7, 5, 3, 0, 6, 4, 9, 1, 8, 2]",0,3837,0.028316736221313477,True
random,30,10,"[2, 9, 5, 1, 8, 6, 3, 7, 0, 4]",0,8479,0.06143021583557129,True
random,31,10,"[0, 5, 3, 9, 6, 8, 2, 4, 1, 7]",0,4262,0.030913829803466797,True
random,32,10,"[1, 4, 7, 3, 6, 9, 2, 0, 5, 8]",0,1023,0.007392168045043945,True
random,33,10,"[9, 2, 4, 1, 7, 3, 6, 0, 5, 8]",1,10000,0.07233810424804688,False
random,34,10,"[3, 0, 6, 8, 1, 7, 4, 2, 9, 5]",0,6197,0.044936418533325195,True
random,35,10,"[7, 5, 1, 6, 0, 3, 8, 4, 2, 9]",0,450,0.003210783004760742,True
random,36,10,"[4, 9, 3, 8, 2, 7, 1, 6, 0, 5]",0,958,0.006823062896728516,True
random,37,10,"[1, 9, 7, 2, 4, 8, 0, 5, 3, 6]",0,502,0.003593921661376953,True
random,38,10,"[6, 2, 7, 1, 4, 0, 9, 3, 5, 8]",0,3523,0.026300430297851562,True
random,39,10,"[5, 2, 4, 9, 7, 3, 1, 6, 8, 0]",0,1368,0.010179519653320312,True
random,40,10,"[3, 9, 7, 4, 2, 0, 6, 1, 5, 8]",0,4947,0.03608870506286621,True
random,41,10,"[2, 6, 8, 3, 5, 0, 9, 1, 4, 7]",0,5712,0.04166007041931152,True
random,42,10,"[5, 9, 4, 6, 0, 2, 7, 1, 3, 8]",0,1202,0.008594512939453125,True
random,43,10,"[2, 5, 8, 6, 0, 3, 1, 4, 7, 9]",0,7476,0.05419516563415527,True
random,44,10,"[7, 4, 1, 9, 0, 5, 3, 8, 6, 2]",0,8862,0.06409907341003418,True
random,45,10,"[3, 6, 0, 5, 1, 9, 7, 2, 4, 8]",0,106,0.0007748603820800781,True
random,46,10,"[6, 2, 9, 1, 8, 5, 3, 0, 7, 4]",0,9872,0.07139039039611816,True
random,47,10,"[2, 5, 9, 6, 1, 3, 7, 0, 4, 8]",0,4374,0.03206610679626465,True
random,48,10,"[7, 0, 8, 1, 4, 6, 9, 2, 5, 3]",0,2272,0.01641249656677246,True
random,49,10,"[0, 3, 6, 9, 5, 8, 1, 4, 2, 7]",0,2218,0.016655921936035156,True
random,0,12,"[6, 9, 0, 8, 1, 4, 2, 7, 11, 3, 5, 10]",1,10000,0.0946357250213623,False
random,1,12,"[2, 9, 5, 1, 8, 4, 0, 6, 3, 10, 7, 11]",1,10000,0.09433627128601074,False
random,2,12,"[1, 10, 8, 3, 11, 9, 2, 6, 4, 0, 7, 5]",1,10000,0.0937199592590332,False
random,3,12,"[10, 6, 3, 0, 11, 9, 5, 1, 8, 4, 2, 7]",0,5348,0.050668954849243164,True
random,4,12,"[4, 10, 0, 2, 3, 8, 6, 1, 9, 11, 5, 7]",1,10000,0.0936276912689209,False
random,5,12,"[1, 4, 8, 3, 7, 2, 10, 5, 0, 11, 9, 6]",1,10000,0.09413409233093262,False
random,6,12,"[1, 4, 9, 3, 0, 10, 8, 11, 5, 7, 2, 6]",0,1533,0.014385223388671875,True
random,7,12,"[9, 7, 0, 8, 3, 1, 10, 5, 11, 6, 4, 2]",1,10000,0.11352777481079102,False
random,8,12,"[7, 11, 1, 8, 2, 0, 9, 3, 5, 10, 4, 6]",1,10000,0.09360456466674805,False
random,9,12,"[6, 10, 7, 5, 11, 2, 0, 3, 8, 4, 9, 1]",1,10000,0.0939791202545166,False
random,10,12,"[1, 10, 4, 11, 3, 0, 7, 5, 2, 9, 6, 8]",1,10000,0.09375762939453125,False
random,11,12,"[11, 0, 2, 4, 6, 8, 10, 7, 1, 3, 5, 9]",1,10000,0.09400200843811035,False
random,12,12,"[8, 6, 2, 0, 7, 4, 10, 3, 9, 11, 5, 1]",0,3526,0.03372359275817871,True
random,13,12,"[11, 3, 8, 10, 4, 2, 0, 6, 9, 7, 5, 1]",1,10000,0.0944056510925293,False
random,14,12,"[2, 4, 7, 8, 10, 5, 1, 11, 0, 6, 3, 9]",1,10000,0.0936899185180664,False
random,15,12,"[4, 8, 1, 11, 6, 2, 7, 10, 0, 3, 5, 9]",0,6777,0.06396889686584473,True
random,16,12,"[11, 0, 10, 2, 4, 8, 3, 9, 6, 1, 5, 7]",1,10000,0.09372258186340332,False
random,17,12,"[6, 1, 7, 11, 5, 0, 2, 4, 10, 8, 3, 9]",1,10000,0.09527063369750977,False
random,18,12,"[4, 1, 6, 8, 10, 0, 3, 5, 2, 11, 9, 7]",1,10000,0.09939432144165039,False
random,19,12,"[5, 7, 10, 1, 6, 2, 0, 11, 8, 4, 9, 3]",0,1285,0.013413190841674805,True
random,20,12,"[6, 3, 11, 4, 9, 5, 2, 10, 7, 0, 8, 1]",1,10000,0.09920263290405273,False
random,21,12,"[1, 9, 2, 10, 8, 3, 5, 0, 11, 6, 4, 7]",0,2633,0.031032562255859375,True
random,22,12,"[2, 8, 6, 4, 7, 1, 11, 5, 3, 9, 0, 10]",1,10000,0.10007548332214355,False
random,23,12,"[1, 4, 8, 10, 2, 7, 11, 0, 3, 6, 9, 5]",0,7120,0.07269167900085449,True
random,24,12,"[4, 2, 11, 3, 7, 10, 1, 5, 9, 0, 6, 8]",1,10000,0.09938788414001465,False
random,25,12,"[5, 3, 10, 6, 11, 4, 7, 0, 2, 9, 1, 8]",1,10000,0.09948110580444336,False
random,26,12,"[4, 0, 11, 3, 9, 7, 2, 10, 6, 1, 5, 8]",1,10000,0.10030364990234375,False
random,27,12,"[5, 7, 2, 0, 8, 6, 9, 3, 1, 11, 4, 10]",0,679,0.006392478942871094,True
random,28,12,"[2, 8, 6, 4, 0, 5, 11, 10, 3, 7, 9, 1]",1,10000,0.0991678237915039,False
random,29,12,"[11, 4, 9, 7, 10, 1, 6, 2, 0, 8, 3, 5]",1,10000,0.09943294525146484,False
random,30,12,"[7, 1, 8, 0, 9, 6, 2, 10, 4, 11, 5, 3]",1,10000,0.0994260311126709,False
random,31,12,"[7, 6, 11, 5, 2, 0, 10, 3, 1, 9, 4, 8]",1,10000,0.10863685607910156,False
random,32,12,"[7, 4, 1, 11, 0, 3, 10, 8, 5, 9, 2, 6]",0,4501,0.04943227767944336,True
random,33,12,"[8, 3, 7, 10, 2, 5, 1, 9, 11, 6, 4, 0]",1,10000,0.09949517250061035,False
random,34,12,"[4, 7, 10, 2, 9, 6, 3, 0, 11, 1, 8, 5]",0,152,0.001470804214477539,True
random,35,12,"[7, 10, 3, 6, 8, 1, 11, 5, 0, 9, 4, 2]",1,10000,0.09962773323059082,False
random,36,12,"[9, 4, 1, 7, 0, 2, 11, 6, 8, 10, 5, 3]",1,10000,0.09925055503845215,False
random,37,12,"[9, 6, 4, 1, 10, 0, 7, 3, 11, 8, 2, 5]",0,4734,0.050375938415527344,True
random,38,12,"[4, 7, 1, 3, 11, 6, 8, 0, 5, 10, 2, 9]",1,10000,0.09990620613098145,False
random,39,12,"[9, 7, 0, 8, 1, 2, 10, 6, 4, 11, 5, 3]",1,10000,0.09471702575683594,False
random,40,12,"[6, 1, 10, 0, 5, 9, 11, 3, 7, 4, 8, 2]",1,10000,0.09951210021972656,False
random,41,12,"[9, 4, 5, 3, 0, 10, 8, 11, 2, 7, 1, 6]",1,10000,0.09371232986450195,False
random,42,12,"[3, 8, 10, 4, 9, 0, 2, 11, 6, 1, 7, 5]",0,6559,0.06188797950744629,True
random,43,12,"[3, 5, 2, 10, 7, 0, 8, 1, 4, 6, 11, 9]",1,10000,0.0937502384185791,False
random,44,12,"[0, 7, 10, 4, 1, 9, 5, 3, 11, 2, 8, 6]",1,10000,0.09446406364440918,False
random,45,12,"[4, 1, 10, 6, 11, 0, 7, 9, 2, 5, 3, 8]",1,10000,0.09365367889404297,False
random,46,12,"[0, 3, 5, 7, 8, 11, 2, 6, 1, 10, 4, 9]",1,10000,0.09464526176452637,False
random,47,12,"[6, 8, 0, 11, 3, 5, 9, 1, 4, 10, 7, 2]",0,530,0.004950523376464844,True
random,48,12,"[3, 2, 4, 10, 8, 5, 11, 1, 7, 0, 6, 9]",1,10000,0.09434843063354492,False
random,49,12,"[9, 7, 0, 4, 8, 1, 3, 6, 10, 2, 5, 11]",1,10000,0.09380388259887695,False
random,0,15,"[9, 5, 8, 13, 1, 6, 2, 14, 11, 4, 10, 7, 0, 12, 3]",1,10000,0.1324601173400879,False
random,1,15,"[7, 14, 11, 2, 10, 13, 0, 4, 1, 3, 6, 9, 12, 8, 5]",1,10000,0.1319882869720459,False
random,2,15,"[12, 2, 0, 5, 11, 8, 10, 13, 3, 1, 4, 7, 14, 6, 9]",2,10000,0.1318347454071045,False
random,3,15,"[10, 12, 5, 9, 0, 1, 14, 8, 6, 2, 7, 11, 4, 3, 13]",2,10000,0.13231801986694336,False
random,4,15,"[6, 12, 7, 1, 14, 5, 3, 4, 9, 11, 13, 10, 0, 2, 8]",2,10000,0.13237857818603516,False
random,5,15,"[13, 6, 8, 1, 4, 14, 12, 10, 7, 3, 11, 0, 2, 5, 9]",2,10000,0.1317453384399414,False
random,6,15,"[9, 6, 14, 2, 4, 0, 5, 13, 10, 12, 7, 1, 3, 11, 8]",2,10000,0.13234663009643555,False
random,7,15,"[7, 12, 14, 2, 0, 9, 3, 13, 8, 10, 5, 1, 6, 4, 11]",2,10000,0.13208723068237305,False
random,8,15,"[5, 13, 1, 3, 8, 0, 12, 4, 9, 11, 6, 14, 10, 2, 7]",1,10000,0.1322612762451172,False
random,9,15,"[5, 9, 13, 0, 14, 7, 10, 1, 3, 4, 11, 2, 8, 6, 12]",2,10000,0.13216519355773926,False
random,10,15,"[4, 12, 8, 6, 13, 2, 14, 0, 7, 3, 11, 1, 10, 5, 9]",2,10000,0.13204050064086914,False
random,11,15,"[5, 11, 8, 14, 2, 12, 7, 9, 3, 0, 13, 4, 6, 1, 10]",1,10000,0.132673978805542,False
random,12,15,"[7, 10, 12, 0, 5, 3, 11, 9, 4, 1, 13, 2, 14, 6, 8]",1,10000,0.13237452507019043,False
random,13,15,"[3, 8, 11, 5, 1, 2, 4, 10, 13, 9, 14, 0, 7, 12, 6]",2,10000,0.1320934295654297,False
random,14,15,"[4, 9, 0, 8, 14, 11, 3, 13, 7, 12, 2, 6, 5, 1, 10]",2,10000,0.13764739036560059,False
random,15,15,"[0, 10, 4, 6, 9, 13, 2, 12, 1, 7, 5, 3, 11, 14, 8]",2,10000,0.1385352611541748,False
random,16,15,"[12, 8, 5, 3, 13, 0, 14, 9, 2, 6, 11, 7, 10, 1, 4]",1,10000,0.13743829727172852,False
random,17,15,"[7, 4, 14, 1, 8, 10, 12, 13, 9, 5, 0, 2, 11, 6, 3]",2,10000,0.1379261016845703,False
random,18,15,"[0, 7, 4, 11, 3, 12, 10, 8, 5, 2, 13, 1, 6, 9, 14]",1,10000,0.13794255256652832,False
random,19,15,"[12, 5, 13, 10, 7, 14, 2, 3, 8, 0, 4, 6, 9, 11, 1]",2,10000,0.13817048072814941,False
random,20,15,"[4, 0, 12, 5, 9, 11, 6, 14, 3, 1, 10, 7, 13, 2, 8]",1,10000,0.13759446144104004,False
random,21,15,"[12, 7, 0, 4, 14, 10, 9, 3, 5, 11, 1, 13, 2, 6, 8]",2,10000,0.13779783248901367,False
random,22,15,"[2, 8, 13, 4, 9, 7, 0, 3, 12, 14, 1, 6, 10, 5, 11]",2,10000,0.13814139366149902,False
random,23,15,"[8, 9, 7, 1, 13, 0, 6, 14, 5, 2, 4, 11, 3, 12, 10]",2,10000,0.13784289360046387,False
random,24,15,"[10, 12, 4, 6, 1, 9, 5, 0, 14, 7, 11, 2, 8, 13, 3]",1,10000,0.1378803253173828,False
random,25,15,"[10, 6, 2, 0, 8, 14, 9, 13, 1, 7, 4, 12, 11, 5, 3]",1,10000,0.13212060928344727,False
random,26,15,"[6, 3, 0, 2, 14, 13, 10, 7, 11, 1, 5, 12, 9, 4, 8]",1,10000,0.1331346035003662,False
random,27,15,"[9, 2, 8, 3, 7, 0, 14, 12, 10, 13, 6, 4, 11, 1, 5]",1,10000,0.13198447227478027,False
random,28,15,"[6, 8, 7, 11, 14, 2, 5, 10, 12, 4, 9, 13, 0, 3, 1]",2,10000,0.1321403980255127,False
random,29,15,"[7, 1, 3, 0, 12, 8, 4, 11, 6, 2, 5, 10, 14, 9, 13]",2,10000,0.13220620155334473,False
random,30,15,"[13, 10, 8, 14, 0, 4, 1, 7, 11, 6, 3, 9, 12, 5, 2]",2,10000,0.13265180587768555,False
random,31,15,"[8, 0, 5, 3, 14, 6, 10, 13, 2, 11, 7, 4, 1, 9, 12]",1,10000,0.13241863250732422,False
random,32,15,"[10, 4, 1, 3, 11, 14, 7, 13, 8, 2, 12, 6, 9, 5, 0]",1,10000,0.13233637809753418,False
random,33,15,"[12, 8, 5, 2, 13, 11, 3, 7, 0, 4, 1, 9, 14, 6, 10]",1,10000,0.13251686096191406,False
random,34,15,"[0, 10, 5, 14, 12, 4, 6, 11, 13, 1, 3, 8, 2, 7, 9]",1,10000,0.1326005458831787,False
random,35,15,"[4, 13, 7, 10, 3, 0, 12, 5, 9, 6, 1, 14, 8, 11, 2]",1,10000,0.13220524787902832,False
random,36,15,"[1, 3, 13, 8, 14, 11, 2, 4, 5, 12, 9, 6, 10, 7, 0]",2,10000,0.13218998908996582,False
random,37,15,"[3, 13, 10, 8, 5, 12, 2, 0, 14, 1, 9, 6, 4, 7, 11]",2,10000,0.1328134536743164,False
random,38,15,"[11, 4, 10, 1, 6, 5, 13, 8, 0, 14, 3, 7, 9, 12, 2]",1,10000,0.13222241401672363,False
random,39,15,"[14, 4, 11, 6, 12, 5, 2, 0, 13, 10, 8, 1, 3, 7, 9]",1,10000,0.13216304779052734,False
random,40,15,"[5, 12, 8, 0, 6, 9, 14, 2, 4, 10, 1, 7, 11, 13, 3]",2,10000,0.13207316398620605,False
random,41,15,"[5, 12, 9, 11, 6, 1, 2, 0, 14, 3, 8, 10, 7, 4, 13]",2,10000,0.1331491470336914,False
random,42,15,"[9, 7, 0, 8, 6, 1, 12, 14, 5, 10, 2, 4, 11, 13, 3]",1,10000,0.13223791122436523,False
random,43,15,"[13, 6, 8, 0, 11, 1, 14, 7, 3, 10, 2, 5, 9, 4, 12]",1,10000,0.13235688209533691,False
random,44,15,"[3, 6, 14, 10, 2, 5, 12, 9, 0, 11, 7, 4, 13, 1, 8]",2,10000,0.13240575790405273,False
random,45,15,"[10, 3, 14, 8, 1, 5, 9, 2, 0, 11, 4, 7, 13, 6, 12]",2,10000,0.13253164291381836,False
random,46,15,"[11, 6, 5, 1, 14, 12, 0, 3, 8, 10, 2, 4, 9, 7, 13]",2,10000,0.13210129737854004,False
random,47,15,"[12, 4, 0, 5, 13, 2, 11, 3, 6, 9, 1, 10, 7, 14, 8]",2,10000,0.13210630416870117,False
random,48,15,"[1, 2, 7, 3, 13, 9, 12, 4, 0, 11, 6, 14, 10, 8, 5]",1,10000,0.13177967071533203,False
random,49,15,"[7, 4, 3, 13, 8, 14, 12, 1, 6, 11, 0, 2, 5, 10, 9]",2,10000,0.13266301155090332,False
hill_climbing,0,4,"[2, 0, 3, 1]",0,7,3.361701965332031e-05,True
hill_climbing,1,4,"[2, 0, 3, 1]",0,7,2.2649765014648438e-05,True
hill_climbing,2,4,"[1, 2, 3, 0]",0,13,2.86102294921875e-05,True
hill_climbing,3,4,"[2, 0, 3, 1]",0,7,1.621246337890625e-05,True
hill_climbing,4,4,"[2, 0, 3, 1]",0,1,4.5299530029296875e-06,True
hill_climbing,5,4,"[0, 1, 3, 2]",0,13,2.5987625122070312e-05,True
hill_climbing,6,4,"[3, 2, 1, 0]",1,13,2.5033950805664062e-05,False
hill_climbing,7,4,"[1, 3, 0, 2]",0,7,1.5020370483398438e-05,True
hill_climbing,8,4,"[2, 0, 3, 1]",0,7,1.5020370483398438e-05,True
hill_climbing,9,4,"[0, 1, 2, 3]",1,13,2.4318695068359375e-05,False
hill_climbing,10,4,"[3, 2, 1, 0]",1,13,2.4080276489257812e-05,False
hill_climbing,11,4,"[0, 1, 2, 3]",1,13,2.4318695068359375e-05,False
hill_climbing,12,4,"[0, 2, 1, 3]",0,13,2.4080276489257812e-05,True
hill_climbing,13,4,"[3, 0, 1, 2]",0,13,2.4318695068359375e-05,True
hill_climbing,14,4,"[1, 3, 0, 2]",0,7,1.4543533325195312e-05,True
hill_climbing,15,4,"[3, 2, 0, 1]",0,13,2.4318695068359375e-05,True
hill_climbing,16,4,"[1, 3, 0, 2]",0,7,1.3828277587890625e-05,True
hill_climbing,17,4,"[0, 2, 1, 3]",0,13,2.3603439331054688e-05,True
hill_climbing,18,4,"[2, 0, 3, 1]",0,7,1.4781951904296875e-05,True
hill_climbing,19,4,"[1, 3, 0, 2]",0,7,1.4781951904296875e-05,True
hill_climbing,20,4,"[2, 0, 3, 1]",0,1,4.5299530029296875e-06,True
hill_climbing,21,4,"[2, 0, 3, 1]",0,7,1.7881393432617188e-05,True
hill_climbing,22,4,"[3, 2, 0, 1]",0,13,2.574920654296875e-05,True
hill_climbing,23,4,"[1, 3, 0, 2]",0,1,4.5299530029296875e-06,True
hill_climbing,24,4,"[1, 0, 2, 3]",0,13,2.384185791015625e-05,True
hill_climbing,25,4,"[1, 3, 0, 2]",0,7,1.430511474609375e-05,True
hill_climbing,26,4,"[2, 0, 3, 1]",0,7,1.4066696166992188e-05,True
hill_climbing,27,4,"[0, 1, 2, 3]",1,13,2.3603439331054688e-05,False
hill_climbing,28,4,"[1, 3, 0, 2]",0,7,1.4066696166992188e-05,True
hill_climbing,29,4,"[3, 2, 1, 0]",1,13,2.3603439331054688e-05,False
hill_climbing,30,4,"[2, 0, 3, 1]",0,7,1.4543533325195312e-05,True
hill_climbing,31,4,"[2, 3, 1, 0]",0,13,2.574920654296875e-05,True
hill_climbing,32,4,"[1, 2, 3, 0]",0,13,2.3365020751953125e-05,True
hill_climbing,33,4,"[2, 0, 3, 1]",0,7,1.3828277587890625e-05,True
hill_climbing,34,4,"[2, 0, 3, 1]",0,7,1.3828277587890625e-05,True
hill_climbing,35,4,"[1, 3, 0, 2]",0,7,1.3828277587890625e-05,True
hill_climbing,36,4,"[1, 3, 0, 2]",0,1,3.814697265625e-06,True
hill_climbing,37,4,"[1, 3, 0, 2]",0,7,1.4066696166992188e-05,True
hill_climbing,38,4,"[2, 0, 3, 1]",0,7,1.3828277587890625e-05,True
hill_climbing,39,4,"[2, 0, 3, 1]",0,7,1.3828277587890625e-05,True
hill_climbing,40,4,"[1, 0, 2, 3]",0,13,2.384185791015625e-05,True
hill_climbing,41,4,"[2, 0, 3, 1]",0,7,1.3589859008789062e-05,True
hill_climbing,42,4,"[2, 0, 3, 1]",0,7,1.33514404296875e-05,True
hill_climbing,43,4,"[2, 3, 1, 0]",0,13,2.3126602172851562e-05,True
hill_climbing,44,4,"[1, 0, 2, 3]",0,13,2.288818359375e-05,True
hill_climbing,45,4,"[1, 3, 0, 2]",0,7,1.3589859008789062e-05,True
hill_climbing,46,4,"[2, 3, 1, 0]",0,13,2.2649765014648438e-05,True
hill_climbing,47,4,"[1, 3, 0, 2]",0,7,2.2411346435546875e-05,True
hill_climbing,48,4,"[1, 3, 0, 2]",0,7,1.52587890625e-05,True
hill_climbing,49,4,"[3, 2, 1, 0]",1,13,2.3126602172851562e-05,False
hill_climbing,0,8,"[6, 1, 5, 2, 0, 3, 7, 4]",0,29,0.000110626220703125,True
hill_climbing,1,8,"[3, 6, 1, 5, 7, 0, 4, 2]",1,57,0.00021004676818847656,False
hill_climbing,2,8,"[5, 3, 4, 1, 2, 6, 7, 0]",1,57,0.0002086162567138672,False
hill_climbing,3,8,"[0, 5, 7, 2, 1, 6, 4, 3]",0,57,0.0002307891845703125,True
hill_climbing,4,8,"[1, 6, 5, 4, 7, 0, 2, 3]",2,57,0.00022530555725097656,False
hill_climbing,5,8,"[6, 3, 1, 0, 7, 2, 5, 4]",2,57,0.0002262592315673828,False
hill_climbing,6,8,"[5, 7, 6, 4, 0, 2, 3, 1]",1,57,0.00022292137145996094,False
hill_climbing,7,8,"[6, 7, 2, 4, 0, 3, 1, 5]",1,57,0.00022602081298828125,False
hill_climbing,8,8,"[5, 0, 6, 4, 1, 7, 2, 3]",0,57,0.0002181529998779297,True
hill_climbing,9,8,"[3, 6, 0, 1, 5, 2, 4, 7]",0,57,0.0006263256072998047,True
hill_climbing,10,8,"[2, 1, 5, 7, 4, 6, 3, 0]",0,57,0.0006160736083984375,True
hill_climbing,11,8,"[1, 0, 2, 5, 3, 4, 6, 7]",2,57,0.0006167888641357422,False
hill_climbing,12,8,"[3, 1, 0, 6, 4, 5, 2, 7]",3,57,0.0002262592315673828,False
hill_climbing,13,8,"[3, 0, 6, 7, 1, 5, 2, 4]",1,57,0.00022554397583007812,False
hill_climbing,14,8,"[0, 2, 3, 7, 6, 5, 4, 1]",2,57,0.00022721290588378906,False
hill_climbing,15,8,"[7, 2, 5, 1, 6, 4, 0, 3]",1,29,0.0001277923583984375,False
hill_climbing,16,8,"[4, 1, 0, 7, 2, 6, 3, 5]",1,57,0.00022935867309570312,False
hill_climbing,17,8,"[3, 1, 0, 4, 5, 2, 7, 6]",1,57,0.0005900859832763672,False
hill_climbing,18,8,"[1, 4, 6, 7, 3, 5, 0, 2]",0,57,0.0006186962127685547,True
hill_climbing,19,8,"[2, 5, 3, 1, 7, 4, 6, 0]",0,29,0.0003113746643066406,True
hill_climbing,20,8,"[1, 4, 3, 6, 0, 5, 7, 2]",1,57,0.00024008750915527344,False
hill_climbing,21,8,"[4, 0, 1, 7, 6, 5, 3, 2]",2,57,0.0002257823944091797,False
hill_climbing,22,8,"[6, 7, 5, 3, 4, 0, 1, 2]",3,57,0.00023031234741210938,False
hill_climbing,23,8,"[7, 3, 0, 2, 5, 1, 6, 4]",0,29,0.00012755393981933594,True
hill_climbing,24,8,"[3, 2, 0, 5, 1, 4, 7, 6]",0,57,0.0002238750457763672,True
hill_climbing,25,8,"[5, 4, 3, 2, 1, 0, 7, 6]",7,57,0.0002987384796142578,False
hill_climbing,26,8,"[2, 6, 4, 0, 7, 1, 5, 3]",1,57,0.0005881786346435547,False
hill_climbing,27,8,"[3, 4, 0, 1, 6, 2, 5, 7]",0,57,0.0006136894226074219,True
hill_climbing,28,8,"[3, 2, 0, 6, 4, 7, 5, 1]",0,57,0.00023412704467773438,True
hill_climbing,29,8,"[3, 7, 0, 6, 5, 4, 2, 1]",1,57,0.00022745132446289062,False
hill_climbing,30,8,"[2, 5, 3, 1, 6, 0, 7, 4]",0,57,0.0002276897430419922,True
hill_climbing,31,8,"[4, 5, 2, 1, 6, 7, 3, 0]",2,57,0.0002315044403076172,False
hill_climbing,32,8,"[4, 0, 3, 5, 2, 6, 7, 1]",0,57,0.00022721290588378906,True
hill_climbing,33,8,"[6, 0, 4, 3, 7, 1, 5, 2]",3,57,0.0005955696105957031,False
hill_climbing,34,8,"[3, 2, 6, 7, 1, 0, 4, 5]",1,57,0.0002384185791015625,False
hill_climbing,35,8,"[0, 4, 3, 7, 2, 1, 6, 5]",2,57,0.0005822181701660156,False
hill_climbing,36,8,"[1, 4, 3, 7, 2, 6, 0, 5]",0,57,0.000629425048828125,True
hill_climbing,37,8,"[3, 7, 2, 0, 6, 5, 4, 1]",2,57,0.00023937225341796875,False
hill_climbing,38,8,"[7, 2, 1, 4, 0, 5, 3, 6]",0,57,0.00022792816162109375,True
hill_climbing,39,8,"[6, 5, 4, 1, 0, 7, 2, 3]",2,57,0.0002288818359375,False
hill_climbing,40,8,"[2, 5, 3, 1, 0, 6, 4, 7]",1,57,0.0002262592315673828,False
hill_climbing,41,8,"[0, 4, 7, 3, 5, 1, 2, 6]",1,57,0.0005741119384765625,False
hill_climbing,42,8,"[3, 4, 6, 7, 2, 5, 0, 1]",2,57,0.0002396106719970703,False
hill_climbing,43,8,"[6, 7, 4, 3, 1, 5, 2, 0]",1,57,0.0005764961242675781,False
hill_climbing,44,8,"[2, 5, 3, 1, 0, 7, 4, 6]",0,57,0.00023412704467773438,True
hill_climbing,45,8,"[5, 7, 1, 0, 2, 6, 3, 4]",1,57,0.0005736351013183594,False
hill_climbing,46,8,"[6, 5, 2, 7, 4, 0, 3, 1]",0,57,0.0002319812774658203,True
hill_climbing,47,8,"[6, 1, 2, 7, 4, 3, 0, 5]",1,57,0.0005888938903808594,False
hill_climbing,48,8,"[6, 0, 3, 2, 7, 4, 1, 5]",1,57,0.0006186962127685547,False
hill_climbing,49,8,"[7, 4, 5, 6, 0, 3, 2, 1]",2,57,0.00024819374084472656,False
hill_climbing,0,10,"[7, 8, 1, 5, 3, 4, 2, 0, 9, 6]",3,91,0.0005137920379638672,False
hill_climbing,1,10,"[6, 8, 9, 7, 5, 3, 0, 4, 1, 2]",3,91,0.0005166530609130859,False
hill_climbing,2,10,"[5, 9, 3, 4, 6, 7, 2, 8, 1, 0]",2,91,0.0005183219909667969,False
hill_climbing,3,10,"[1, 5, 6, 0, 9, 4, 7, 2, 8, 3]",1,91,0.0004947185516357422,False
hill_climbing,4,10,"[8, 2, 0, 7, 6, 9, 5, 1, 4, 3]",1,91,0.0005426406860351562,False
hill_climbing,5,10,"[2, 3, 1, 0, 8, 7, 6, 5, 4, 9]",5,91,0.0004956722259521484,False
hill_climbing,6,10,"[5, 8, 3, 4, 0, 2, 6, 7, 1, 9]",3,91,0.0005033016204833984,False
hill_climbing,7,10,"[8, 3, 1, 4, 7, 0, 9, 6, 2, 5]",0,91,0.0004985332489013672,True
hill_climbing,8,10,"[8, 2, 9, 4, 0, 7, 1, 6, 5, 3]",1,91,0.0005035400390625,False
hill_climbing,9,10,"[9, 8, 3, 2, 0, 6, 1, 4, 5, 7]",1,91,0.0005028247833251953,False
hill_climbing,10,10,"[5, 2, 7, 1, 8, 4, 3, 6, 0, 9]",1,91,0.0005006790161132812,False
hill_climbing,11,10,"[2, 6, 0, 1, 5, 4, 3, 9, 8, 7]",4,91,0.0005040168762207031,False
hill_climbing,12,10,"[8, 9, 6, 2, 0, 3, 1, 5, 4, 7]",3,91,0.0005092620849609375,False
hill_climbing,13,10,"[3, 0, 7, 8, 6, 1, 5, 2, 9, 4]",1,91,0.0004978179931640625,False
hill_climbing,14,10,"[9, 0, 7, 4, 6, 5, 2, 3, 8, 1]",3,91,0.0005028247833251953,False
hill_climbing,15,10,"[5, 9, 2, 4, 7, 6, 1, 8, 0, 3]",1,91,0.0005128383636474609,False
hill_climbing,16,10,"[6, 4, 0, 9, 1, 3, 2, 8, 7, 5]",3,91,0.0004994869232177734,False
hill_climbing,17,10,"[7, 3, 0, 5, 1, 9, 2, 4, 6, 8]",1,91,0.0004942417144775391,False
hill_climbing,18,10,"[0, 4, 6, 3, 5, 8, 9, 7, 1, 2]",4,91,0.0005006790161132812,False
hill_climbing,19,10,"[9, 5, 6, 2, 3, 7, 4, 1, 8, 0]",1,91,0.000518798828125,False
hill_climbing,20,10,"[5, 3, 0, 7, 8, 9, 6, 1, 4, 2]",1,91,0.0005066394805908203,False
hill_climbing,21,10,"[7, 0, 4, 1, 3, 9, 5, 8, 6, 2]",1,91,0.0005040168762207031,False
hill_climbing,22,10,"[5, 6, 9, 7, 1, 8, 4, 0, 3, 2]",2,91,0.0005156993865966797,False
hill_climbing,23,10,"[7, 8, 5, 6, 3, 2, 9, 0, 1, 4]",8,91,0.00052642822265625,False
hill_climbing,24,10,"[4, 7, 8, 0, 5, 9, 1, 3, 2, 6]",1,91,0.0005116462707519531,False
hill_climbing,25,10,"[5, 4, 1, 8, 7, 2, 9, 3, 0, 6]",2,91,0.000507354736328125,False
hill_climbing,26,10,"[2, 5, 8, 1, 0, 7, 4, 6, 9, 3]",1,91,0.00049591064453125,False
hill_climbing,27,10,"[9, 6, 3, 2, 5, 0, 1, 8, 4, 7]",3,91,0.0005369186401367188,False
hill_climbing,28,10,"[5, 7, 0, 4, 3, 6, 9, 8, 2, 1]",1,91,0.0005087852478027344,False
hill_climbing,29,10,"[3, 9, 7, 0, 2, 6, 4, 5, 1, 8]",2,91,0.001222848892211914,False
hill_climbing,30,10,"[3, 6, 7, 2, 1, 5, 9, 0, 4, 8]",1,91,0.0005028247833251953,False
hill_climbing,31,10,"[4, 2, 5, 9, 8, 3, 6, 1, 7, 0]",1,91,0.0005118846893310547,False
hill_climbing,32,10,"[4, 6, 0, 8, 9, 5, 7, 2, 3, 1]",3,91,0.0005106925964355469,False
hill_climbing,33,10,"[0, 4, 5, 1, 7, 8, 6, 3, 2, 9]",4,91,0.0005955696105957031,False
hill_climbing,34,10,"[2, 4, 9, 3, 7, 1, 6, 0, 5, 8]",1,91,0.0005056858062744141,False
hill_climbing,35,10,"[0, 3, 4, 6, 1, 7, 9, 2, 5, 8]",1,91,0.0004906654357910156,False
hill_climbing,36,10,"[1, 3, 9, 4, 7, 2, 6, 8, 0, 5]",1,91,0.0012583732604980469,False
hill_climbing,37,10,"[4, 8, 6, 7, 3, 2, 5, 0, 1, 9]",4,91,0.0006289482116699219,False
hill_climbing,38,10,"[7, 4, 8, 5, 3, 2, 0, 1, 9, 6]",1,91,0.0008249282836914062,False
hill_climbing,39,10,"[8, 7, 2, 9, 5, 1, 0, 6, 4, 3]",2,91,0.0008282661437988281,False
hill_climbing,40,10,"[9, 5, 3, 4, 6, 2, 1, 0, 8, 7]",2,91,0.0008194446563720703,False
hill_climbing,41,10,"[0, 9, 8, 2, 4, 7, 1, 3, 5, 6]",1,91,0.0008137226104736328,False
hill_climbing,42,10,"[7, 3, 2, 8, 5, 6, 9, 4, 0, 1]",1,91,0.0008308887481689453,False
hill_climbing,43,10,"[8, 1, 5, 6, 9, 7, 3, 2, 4, 0]",2,91,0.0008339881896972656,False
hill_climbing,44,10,"[4, 5, 0, 2, 9, 3, 7, 1, 8, 6]",1,91,0.0008039474487304688,False
hill_climbing,45,10,"[1, 3, 5, 9, 8, 0, 2, 7, 6, 4]",1,91,0.0008025169372558594,False
hill_climbing,46,10,"[3, 7, 2, 5, 9, 8, 4, 0, 6, 1]",1,91,0.000820159912109375,False
hill_climbing,47,10,"[0, 9, 8, 2, 7, 3, 4, 6, 1, 5]",1,91,0.0008149147033691406,False
hill_climbing,48,10,"[1, 0, 3, 7, 6, 9, 4, 2, 5, 8]",2,91,0.0008089542388916016,False
hill_climbing,49,10,"[9, 3, 8, 7, 4, 2, 0, 6, 5, 1]",1,91,0.0008246898651123047,False
hill_climbing,0,12,"[1, 9, 8, 5, 10, 2, 3, 7, 4, 0, 11, 6]",2,133,0.0016422271728515625,False
hill_climbing,1,12,"[7, 11, 0, 8, 5, 6, 3, 10, 4, 1, 9, 2]",1,133,0.0011911392211914062,False
hill_climbing,2,12,"[9, 11, 3, 4, 7, 6, 8, 2, 5, 10, 1, 0]",5,133,0.0011477470397949219,False
hill_climbing,3,12,"[1, 7, 10, 0, 6, 11, 4, 5, 2, 8, 9, 3]",3,133,0.0010533332824707031,False
hill_climbing,4,12,"[11, 2, 8, 10, 5, 0, 9, 7, 6, 1, 4, 3]",4,133,0.0010616779327392578,False
hill_climbing,5,12,"[10, 2, 11, 7, 1, 3, 6, 0, 8, 5, 4, 9]",1,133,0.0010044574737548828,False
hill_climbing,6,12,"[6, 5, 2, 3, 8, 10, 11, 0, 4, 7, 1, 9]",3,133,0.0009887218475341797,False
hill_climbing,7,12,"[7, 11, 3, 10, 8, 4, 9, 1, 0, 6, 2, 5]",3,133,0.001001119613647461,False
hill_climbing,8,12,"[7, 8, 4, 1, 9, 0, 10, 11, 2, 6, 5, 3]",0,133,0.0009667873382568359,True
hill_climbing,9,12,"[8, 6, 3, 11, 0, 10, 1, 2, 4, 5, 9, 7]",5,133,0.0009865760803222656,False
hill_climbing,10,12,"[11, 8, 4, 2, 5, 3, 1, 10, 7, 6, 0, 9]",1,133,0.0009667873382568359,False
hill_climbing,11,12,"[2, 5, 0, 6, 10, 4, 1, 3, 9, 11, 8, 7]",1,133,0.0009400844573974609,False
hill_climbing,12,12,"[9, 10, 1, 6, 11, 0, 3, 2, 5, 8, 4, 7]",3,133,0.0009741783142089844,False
hill_climbing,13,12,"[8, 7, 0, 10, 5, 1, 6, 9, 3, 2, 11, 4]",1,133,0.0010673999786376953,False
hill_climbing,14,12,"[10, 11, 7, 0, 6, 2, 5, 4, 3, 8, 9, 1]",5,133,0.0010037422180175781,False
hill_climbing,15,12,"[4, 11, 7, 6, 5, 9, 1, 2, 10, 8, 0, 3]",4,133,0.001127004623413086,False
hill_climbing,16,12,"[8, 9, 2, 11, 0, 3, 1, 6, 4, 10, 7, 5]",2,133,0.0009877681732177734,False
hill_climbing,17,12,"[10, 3, 0, 2, 7, 11, 1, 9, 5, 4, 6, 8]",2,133,0.000982522964477539,False
hill_climbing,18,12,"[0, 11, 4, 6, 8, 9, 10, 3, 5, 7, 1, 2]",2,133,0.0009849071502685547,False
hill_climbing,19,12,"[9, 11, 6, 5, 4, 2, 7, 3, 1, 8, 0, 10]",2,133,0.0009930133819580078,False
hill_climbing,20,12,"[5, 3, 0, 7, 8, 9, 6, 1, 4, 2, 10, 11]",2,133,0.0009694099426269531,False
hill_climbing,21,12,"[8, 0, 11, 5, 3, 1, 9, 7, 4, 10, 6, 2]",3,133,0.000985860824584961,False
hill_climbing,22,12,"[4, 1, 10, 6, 8, 9, 5, 11, 7, 0, 3, 2]",4,133,0.001001119613647461,False
hill_climbing,23,12,"[7, 9, 5, 10, 2, 8, 3, 6, 11, 0, 1, 4]",4,133,0.001024484634399414,False
hill_climbing,24,12,"[4, 7, 8, 0, 5, 10, 1, 3, 2, 9, 6, 11]",1,133,0.0009763240814208984,False
hill_climbing,25,12,"[8, 1, 9, 5, 11, 2, 10, 7, 4, 3, 0, 6]",1,133,0.0010006427764892578,False
hill_climbing,26,12,"[4, 5, 2, 8, 7, 9, 1, 0, 6, 10, 3, 11]",4,133,0.0009639263153076172,False
hill_climbing,27,12,"[5, 11, 1, 8, 2, 6, 0, 3, 9, 4, 7, 10]",2,133,0.0009539127349853516,False
hill_climbing,28,12,"[6, 9, 0, 4, 7, 5, 11, 3, 10, 8, 2, 1]",1,133,0.0009770393371582031,False
hill_climbing,29,12,"[7, 9, 0, 6, 3, 2, 11, 10, 4, 5, 1, 8]",3,133,0.0009732246398925781,False
hill_climbing,30,12,"[1, 5, 6, 10, 7, 11, 2, 3, 0, 9, 4, 8]",1,133,0.0009627342224121094,False
hill_climbing,31,12,"[4, 3, 10, 8, 9, 11, 5, 2, 6, 1, 7, 0]",1,133,0.0009584426879882812,False
hill_climbing,32,12,"[6, 9, 11, 8, 5, 0, 7, 10, 4, 2, 3, 1]",2,133,0.0009808540344238281,False
hill_climbing,33,12,"[0, 11, 10, 1, 6, 8, 5, 7, 4, 3, 2, 9]",5,133,0.0009675025939941406,False
hill_climbing,34,12,"[4, 10, 1, 6, 2, 7, 11, 3, 0, 9, 5, 8]",0,67,0.00048351287841796875,True
hill_climbing,35,12,"[11, 1, 4, 0, 6, 3, 7, 9, 10, 2, 5, 8]",3,133,0.000949859619140625,False
hill_climbing,36,12,"[6, 2, 3, 11, 7, 8, 9, 1, 4, 10, 0, 5]",2,133,0.0009679794311523438,False
hill_climbing,37,12,"[4, 11, 6, 7, 3, 2, 5, 0, 8, 1, 9, 10]",6,133,0.0009906291961669922,False
hill_climbing,38,12,"[7, 4, 0, 9, 3, 5, 2, 8, 1, 11, 6, 10]",1,133,0.0009477138519287109,False
hill_climbing,39,12,"[5, 9, 2, 8, 10, 7, 1, 11, 0, 6, 4, 3]",1,133,0.0009889602661132812,False
hill_climbing,40,12,"[10, 6, 11, 4, 1, 5, 2, 3, 0, 8, 9, 7]",3,133,0.0010399818420410156,False
hill_climbing,41,12,"[9, 0, 1, 7, 8, 10, 4, 11, 2, 3, 5, 6]",5,133,0.0010056495666503906,False
hill_climbing,42,12,"[7, 5, 2, 8, 9, 6, 11, 3, 4, 0, 1, 10]",3,133,0.0009818077087402344,False
hill_climbing,43,12,"[10, 1, 9, 3, 11, 6, 8, 5, 7, 2, 4, 0]",5,133,0.000982522964477539,False
hill_climbing,44,12,"[5, 4, 11, 0, 7, 9, 3, 2, 1, 10, 8, 6]",2,133,0.0009720325469970703,False
hill_climbing,45,12,"[5, 3, 9, 8, 0, 10, 2, 1, 11, 7, 6, 4]",4,133,0.0009775161743164062,False
hill_climbing,46,12,"[7, 11, 8, 5, 9, 10, 4, 2, 3, 0, 6, 1]",1,133,0.0009801387786865234,False
hill_climbing,47,12,"[9, 0, 10, 3, 11, 2, 4, 7, 8, 6, 1, 5]",2,133,0.0009617805480957031,False
hill_climbing,48,12,"[10, 9, 0, 3, 1, 7, 6, 4, 11, 2, 5, 8]",3,133,0.0010113716125488281,False
hill_climbing,49,12,"[8, 3, 2, 0, 7, 4, 9, 10, 11, 6, 5, 1]",4,133,0.0010764598846435547,False
hill_climbing,0,15,"[1, 10, 9, 5, 11, 2, 3, 7, 8, 4, 0, 14, 12, 6, 13]",3,211,0.002494335174560547,False
hill_climbing,1,15,"[14, 10, 0, 13, 6, 5, 3, 8, 7, 11, 4, 1, 12, 9, 2]",3,211,0.0025033950805664062,False
hill_climbing,2,15,"[9, 3, 6, 12, 10, 7, 8, 4, 2, 5, 11, 1, 0, 14, 13]",6,211,0.0024836063385009766,False
hill_climbing,3,15,"[12, 10, 6, 11, 14, 0, 4, 1, 7, 13, 5, 2, 8, 9, 3]",2,211,0.002413034439086914,False
hill_climbing,4,15,"[9, 13, 5, 8, 14, 10, 0, 12, 2, 7, 6, 11, 1, 4, 3]",4,211,0.0024292469024658203,False
hill_climbing,5,15,"[2, 3, 13, 12, 14, 1, 6, 7, 0, 8, 10, 5, 11, 4, 9]",3,211,0.002338409423828125,False
hill_climbing,6,15,"[6, 8, 14, 11, 3, 10, 5, 2, 13, 0, 4, 7, 1, 9, 12]",3,211,0.0024094581604003906,False
hill_climbing,7,15,"[3, 12, 14, 7, 11, 4, 13, 9, 8, 1, 0, 10, 6, 2, 5]",6,211,0.0024187564849853516,False
hill_climbing,8,15,"[13, 9, 7, 10, 12, 4, 8, 11, 1, 0, 14, 2, 6, 5, 3]",8,211,0.0024611949920654297,False
hill_climbing,9,15,"[13, 14, 1, 8, 6, 3, 11, 12, 0, 10, 2, 4, 5, 9, 7]",7,211,0.002384185791015625,False
hill_climbing,10,15,"[4, 5, 10, 1, 2, 8, 12, 11, 3, 13, 14, 7, 6, 0, 9]",11,211,0.0023958683013916016,False
hill_climbing,11,15,"[10, 5, 0, 1, 9, 4, 6, 2, 3, 12, 11, 14, 8, 13, 7]",3,211,0.0022923946380615234,False
hill_climbing,12,15,"[14, 1, 13, 9, 3, 11, 0, 6, 2, 5, 12, 8, 10, 4, 7]",2,211,0.002355813980102539,False
hill_climbing,13,15,"[7, 8, 0, 13, 1, 6, 5, 9, 11, 3, 2, 12, 10, 14, 4]",4,211,0.002354145050048828,False
hill_climbing,14,15,"[7, 6, 14, 13, 0, 5, 2, 12, 4, 3, 8, 10, 11, 9, 1]",5,211,0.0023343563079833984,False
hill_climbing,15,15,"[4, 12, 6, 9, 1, 5, 7, 10, 14, 2, 13, 11, 8, 0, 3]",4,211,0.002336740493774414,False
hill_climbing,16,15,"[10, 8, 11, 1, 2, 14, 9, 0, 12, 3, 6, 4, 13, 7, 5]",4,211,0.002349853515625,False
hill_climbing,17,15,"[10, 7, 14, 3, 1, 13, 0, 9, 2, 11, 5, 4, 12, 6, 8]",4,211,0.002414226531982422,False
hill_climbing,18,15,"[0, 14, 4, 6, 13, 8, 12, 11, 9, 3, 5, 7, 10, 1, 2]",4,211,0.0024018287658691406,False
hill_climbing,19,15,"[13, 9, 5, 14, 7, 4, 2, 6, 3, 11, 1, 8, 12, 0, 10]",4,211,0.0024080276489257812,False
hill_climbing,20,15,"[9, 7, 12, 6, 8, 3, 0, 13, 5, 1, 4, 2, 10, 11, 14]",4,211,0.002398967742919922,False
hill_climbing,21,15,"[5, 0, 14, 1, 9, 8, 12, 3, 7, 4, 10, 13, 11, 6, 2]",3,211,0.002572774887084961,False
hill_climbing,22,15,"[4, 10, 12, 11, 8, 6, 5, 1, 13, 7, 9, 0, 3, 2, 14]",5,211,0.002580404281616211,False
hill_climbing,23,15,"[7, 10, 5, 11, 2, 8, 3, 6, 13, 9, 0, 1, 4, 12, 14]",2,211,0.00244903564453125,False
hill_climbing,24,15,"[4, 8, 7, 1, 0, 13, 5, 12, 10, 14, 3, 2, 9, 6, 11]",6,211,0.0024738311767578125,False
hill_climbing,25,15,"[1, 5, 14, 11, 9, 2, 8, 10, 13, 7, 4, 3, 0, 12, 6]",4,211,0.002386331558227539,False
hill_climbing,26,15,"[4, 5, 2, 12, 7, 14, 1, 0, 8, 9, 6, 13, 10, 3, 11]",4,211,0.0023446083068847656,False
hill_climbing,27,15,"[0, 9, 13, 5, 6, 14, 2, 8, 1, 3, 12, 4, 11, 7, 10]",5,211,0.0023186206817626953,False
hill_climbing,28,15,"[4, 7, 0, 14, 6, 13, 5, 10, 3, 12, 9, 8, 2, 11, 1]",2,211,0.0023436546325683594,False
hill_climbing,29,15,"[2, 14, 7, 10, 0, 6, 3, 12, 13, 4, 11, 9, 5, 1, 8]",2,211,0.0023784637451171875,False
hill_climbing,30,15,"[2, 7, 6, 1, 5, 14, 10, 13, 3, 11, 0, 9, 4, 12, 8]",4,211,0.002283334732055664,False
hill_climbing,31,15,"[3, 9, 8, 11, 5, 13, 4, 12, 10, 14, 2, 6, 1, 7, 0]",4,211,0.0023741722106933594,False
hill_climbing,32,15,"[10, 14, 6, 5, 11, 12, 9, 8, 0, 7, 13, 4, 2, 3, 1]",12,211,0.0024454593658447266,False
hill_climbing,33,15,"[0, 1, 11, 14, 6, 12, 5, 13, 8, 7, 4, 3, 10, 2, 9]",3,211,0.0023474693298339844,False
hill_climbing,34,15,"[1, 7, 14, 4, 2, 10, 12, 13, 6, 11, 3, 0, 9, 5, 8]",2,211,0.0023462772369384766,False
hill_climbing,35,15,"[10, 1, 3, 7, 0, 14, 9, 6, 4, 11, 13, 2, 12, 5, 8]",2,211,0.0023381710052490234,False
hill_climbing,36,15,"[9, 6, 11, 14, 3, 7, 10, 2, 8, 12, 1, 4, 13, 0, 5]",2,211,0.0023458003997802734,False
hill_climbing,37,15,"[7, 12, 2, 6, 11, 4, 3, 5, 0, 8, 14, 13, 1, 9, 10]",4,211,0.0023186206817626953,False
hill_climbing,38,15,"[8, 3, 12, 9, 4, 0, 2, 7, 5, 14, 1, 11, 13, 6, 10]",2,211,0.0023059844970703125,False
hill_climbing,39,15,"[13, 9, 7, 1, 8, 2, 5, 11, 12, 10, 14, 0, 6, 4, 3]",4,211,0.002433300018310547,False
hill_climbing,40,15,"[1, 13, 11, 12, 5, 14, 6, 2, 10, 4, 3, 0, 8, 9, 7]",5,211,0.0023653507232666016,False
hill_climbing,41,15,"[1, 11, 10, 0, 7, 13, 12, 8, 4, 9, 14, 2, 3, 5, 6]",7,211,0.002385377883911133,False
hill_climbing,42,15,"[8, 13, 7, 6, 14, 12, 5, 2, 9, 3, 4, 11, 0, 1, 10]",4,211,0.002382993698120117,False
hill_climbing,43,15,"[9, 8, 12, 14, 6, 3, 13, 10, 1, 5, 7, 2, 11, 4, 0]",7,211,0.0025446414947509766,False
hill_climbing,44,15,"[4, 7, 12, 5, 10, 0, 9, 3, 14, 2, 1, 11, 13, 8, 6]",3,211,0.0025436878204345703,False
hill_climbing,45,15,"[2, 8, 10, 9, 13, 3, 12, 0, 5, 11, 1, 14, 7, 6, 4]",2,211,0.002480030059814453,False
hill_climbing,46,15,"[7, 13, 8, 5, 11, 12, 4, 2, 3, 10, 9, 0, 6, 1, 14]",4,211,0.00250244140625,False
hill_climbing,47,15,"[2, 12, 13, 0, 11, 3, 10, 4, 14, 9, 7, 8, 6, 1, 5]",4,211,0.0023407936096191406,False
hill_climbing,48,15,"[6, 0, 12, 9, 1, 7, 13, 3, 10, 4, 11, 14, 2, 5, 8]",2,211,0.0022962093353271484,False
hill_climbing,49,15,"[4, 12, 3, 11, 2, 7, 10, 0, 9, 8, 13, 14, 6, 5, 1]",2,211,0.0023283958435058594,False
simulated_annealing,0,4,"[2, 0, 3, 1]",0,2,3.647804260253906e-05,True
simulated_annealing,1,4,"[2, 0, 3, 1]",0,2,2.002716064453125e-05,True
simulated_annealing,2,4,"[2, 0, 3, 1]",0,21,0.00011682510375976562,True
simulated_annealing,3,4,"[2, 0, 3, 1]",0,8,4.076957702636719e-05,True
simulated_annealing,4,4,"[2, 0, 3, 1]",0,1,5.4836273193359375e-06,True
simulated_annealing,5,4,"[1, 3, 0, 2]",0,3,1.6927719116210938e-05,True
simulated_annealing,6,4,"[2, 0, 3, 1]",0,24,0.00011372566223144531,True
simulated_annealing,7,4,"[2, 0, 3, 1]",0,10,4.6253204345703125e-05,True
simulated_annealing,8,4,"[2, 0, 3, 1]",0,2,1.049041748046875e-05,True
simulated_annealing,9,4,"[1, 3, 0, 2]",0,12,5.9604644775390625e-05,True
simulated_annealing,10,4,"[1, 3, 0, 2]",0,82,0.0003521442413330078,True
simulated_annealing,11,4,"[2, 0, 3, 1]",0,35,0.0001506805419921875,True
simulated_annealing,12,4,"[2, 0, 3, 1]",0,17,7.462501525878906e-05,True
simulated_annealing,13,4,"[1, 3, 0, 2]",0,3,1.4543533325195312e-05,True
simulated_annealing,14,4,"[1, 3, 0, 2]",0,2,1.0013580322265625e-05,True
simulated_annealing,15,4,"[2, 0, 3, 1]",0,3,1.5974044799804688e-05,True
simulated_annealing,16,4,"[1, 3, 0, 2]",0,8,3.528594970703125e-05,True
simulated_annealing,17,4,"[2, 0, 3, 1]",0,10,4.458427429199219e-05,True
simulated_annealing,18,4,"[1, 3, 0, 2]",0,22,9.489059448242188e-05,True
simulated_annealing,19,4,"[2, 0, 3, 1]",0,16,6.866455078125e-05,True
simulated_annealing,20,4,"[2, 0, 3, 1]",0,1,5.4836273193359375e-06,True
simulated_annealing,21,4,"[2, 0, 3, 1]",0,32,0.0001361370086669922,True
simulated_annealing,22,4,"[1, 3, 0, 2]",0,5,2.3126602172851562e-05,True
simulated_annealing,23,4,"[1, 3, 0, 2]",0,1,5.4836273193359375e-06,True
simulated_annealing,24,4,"[2, 0, 3, 1]",0,5,2.384185791015625e-05,True
simulated_annealing,25,4,"[2, 0, 3, 1]",0,8,3.600120544433594e-05,True
simulated_annealing,26,4,"[1, 3, 0, 2]",0,8,3.5762786865234375e-05,True
simulated_annealing,27,4,"[1, 3, 0, 2]",0,14,6.0558319091796875e-05,True
simulated_annealing,28,4,"[1, 3, 0, 2]",0,16,7.271766662597656e-05,True
simulated_annealing,29,4,"[2, 0, 3, 1]",0,28,0.00012159347534179688,True
simulated_annealing,30,4,"[2, 0, 3, 1]",0,16,6.961822509765625e-05,True
simulated_annealing,31,4,"[1, 3, 0, 2]",0,11,4.76837158203125e-05,True
simulated_annealing,32,4,"[1, 3, 0, 2]",0,3,1.4066696166992188e-05,True
simulated_annealing,33,4,"[2, 0, 3, 1]",0,22,9.5367431640625e-05,True
simulated_annealing,34,4,"[2, 0, 3, 1]",0,4,1.8358230590820312e-05,True
simulated_annealing,35,4,"[2, 0, 3, 1]",0,30,0.0001289844512939453,True
simulated_annealing,36,4,"[1, 3, 0, 2]",0,1,5.0067901611328125e-06,True
simulated_annealing,37,4,"[2, 0, 3, 1]",0,8,3.719329833984375e-05,True
simulated_annealing,38,4,"[1, 3, 0, 2]",0,6,3.719329833984375e-05,True
simulated_annealing,39,4,"[1, 3, 0, 2]",0,8,3.62396240234375e-05,True
simulated_annealing,40,4,"[2, 0, 3, 1]",0,9,3.9577484130859375e-05,True
simulated_annealing,41,4,"[1, 3, 0, 2]",0,4,1.9311904907226562e-05,True
simulated_annealing,42,4,"[2, 0, 3, 1]",0,20,8.559226989746094e-05,True
simulated_annealing,43,4,"[2, 0, 3, 1]",0,13,5.650520324707031e-05,True
simulated_annealing,44,4,"[1, 3, 0, 2]",0,9,4.0531158447265625e-05,True
simulated_annealing,45,4,"[1, 3, 0, 2]",0,2,9.5367431640625e-06,True
simulated_annealing,46,4,"[1, 3, 0, 2]",0,21,9.036064147949219e-05,True
simulated_annealing,47,4,"[2, 0, 3, 1]",0,22,9.584426879882812e-05,True
simulated_annealing,48,4,"[2, 0, 3, 1]",0,12,5.340576171875e-05,True
simulated_annealing,49,4,"[2, 0, 3, 1]",0,6,3.0279159545898438e-05,True
simulated_annealing,0,8,"[5, 1, 6, 0, 2, 4, 7, 3]",0,519,0.004271507263183594,True
simulated_annealing,1,8,"[4, 6, 0, 3, 1, 7, 5, 2]",0,274,0.002249479293823242,True
simulated_annealing,2,8,"[6, 2, 7, 1, 4, 0, 5, 3]",0,685,0.005665779113769531,True
simulated_annealing,3,8,"[1, 6, 2, 5, 7, 4, 0, 3]",0,157,0.0013470649719238281,True
simulated_annealing,4,8,"[4, 6, 0, 3, 1, 7, 5, 2]",0,721,0.006116390228271484,True
simulated_annealing,5,8,"[5, 3, 6, 0, 2, 4, 1, 7]",0,39,0.0003268718719482422,True
simulated_annealing,6,8,"[3, 1, 6, 4, 0, 7, 5, 2]",0,334,0.0027344226837158203,True
simulated_annealing,7,8,"[2, 5, 1, 4, 7, 0, 6, 3]",0,229,0.0018801689147949219,True
simulated_annealing,8,8,"[4, 0, 7, 5, 2, 6, 1, 3]",0,310,0.0025641918182373047,True
simulated_annealing,9,8,"[4, 6, 3, 0, 2, 7, 5, 1]",0,355,0.0029554367065429688,True
simulated_annealing,10,8,"[3, 7, 4, 2, 0, 6, 1, 5]",0,48,0.00039887428283691406,True
simulated_annealing,11,8,"[5, 3, 0, 4, 7, 1, 6, 2]",0,34,0.0002808570861816406,True
simulated_annealing,12,8,"[4, 6, 1, 5, 2, 0, 3, 7]",0,44,0.0003695487976074219,True
simulated_annealing,13,8,"[0, 5, 7, 2, 6, 3, 1, 4]",0,524,0.0046346187591552734,True
simulated_annealing,14,8,"[4, 2, 0, 6, 1, 7, 5, 3]",0,535,0.004682779312133789,True
simulated_annealing,15,8,"[2, 5, 7, 0, 3, 6, 4, 1]",0,706,0.005918979644775391,True
simulated_annealing,16,8,"[3, 6, 2, 7, 1, 4, 0, 5]",0,575,0.004757881164550781,True
simulated_annealing,17,8,"[4, 1, 7, 0, 3, 6, 2, 5]",0,342,0.0028150081634521484,True
simulated_annealing,18,8,"[3, 0, 4, 7, 5, 2, 6, 1]",0,122,0.0010077953338623047,True
simulated_annealing,19,8,"[5, 7, 1, 3, 0, 6, 4, 2]",0,95,0.0007817745208740234,True
simulated_annealing,20,8,"[2, 4, 1, 7, 0, 6, 3, 5]",0,788,0.006487131118774414,True
simulated_annealing,21,8,"[5, 2, 0, 7, 3, 1, 6, 4]",0,438,0.003599882125854492,True
simulated_annealing,22,8,"[2, 5, 7, 0, 4, 6, 1, 3]",0,111,0.0009152889251708984,True
simulated_annealing,23,8,"[5, 1, 6, 0, 2, 4, 7, 3]",0,286,0.0023512840270996094,True
simulated_annealing,24,8,"[2, 5, 1, 4, 7, 0, 6, 3]",0,228,0.002009868621826172,True
simulated_annealing,25,8,"[2, 5, 1, 6, 0, 3, 7, 4]",0,54,0.000453948974609375,True
simulated_annealing,26,8,"[2, 5, 7, 1, 3, 0, 6, 4]",0,694,0.005732059478759766,True
simulated_annealing,27,8,"[3, 1, 6, 4, 0, 7, 5, 2]",0,615,0.005479335784912109,True
simulated_annealing,28,8,"[4, 6, 3, 0, 2, 7, 5, 1]",0,129,0.001068115234375,True
simulated_annealing,29,8,"[4, 2, 0, 6, 1, 7, 5, 3]",0,90,0.000743865966796875,True
simulated_annealing,30,8,"[6, 1, 5, 2, 0, 3, 7, 4]",0,72,0.0006034374237060547,True
simulated_annealing,31,8,"[2, 4, 1, 7, 0, 6, 3, 5]",0,718,0.005899667739868164,True
simulated_annealing,32,8,"[5, 2, 0, 6, 4, 7, 1, 3]",0,162,0.0014519691467285156,True
simulated_annealing,33,8,"[2, 5, 1, 6, 4, 0, 7, 3]",0,647,0.005436420440673828,True
simulated_annealing,34,8,"[4, 1, 7, 0, 3, 6, 2, 5]",0,674,0.005540609359741211,True
simulated_annealing,35,8,"[0, 6, 4, 7, 1, 3, 5, 2]",0,12,0.00010466575622558594,True
simulated_annealing,36,8,"[2, 5, 3, 0, 7, 4, 6, 1]",0,292,0.0023996829986572266,True
simulated_annealing,37,8,"[5, 3, 6, 0, 7, 1, 4, 2]",0,26,0.00021910667419433594,True
simulated_annealing,38,8,"[1, 5, 7, 2, 0, 3, 6, 4]",0,157,0.001295328140258789,True
simulated_annealing,39,8,"[4, 0, 7, 5, 2, 6, 1, 3]",0,198,0.0016293525695800781,True
simulated_annealing,40,8,"[2, 4, 6, 0, 3, 1, 7, 5]",0,650,0.005333662033081055,True
simulated_annealing,41,8,"[3, 1, 6, 4, 0, 7, 5, 2]",0,124,0.001026153564453125,True
simulated_annealing,42,8,"[6, 3, 1, 4, 7, 0, 2, 5]",0,60,0.0004942417144775391,True
simulated_annealing,43,8,"[6, 2, 7, 1, 4, 0, 5, 3]",0,255,0.0020895004272460938,True
simulated_annealing,44,8,"[6, 0, 2, 7, 5, 3, 1, 4]",0,699,0.005888462066650391,True
simulated_annealing,45,8,"[3, 1, 7, 5, 0, 2, 4, 6]",0,543,0.004446506500244141,True
simulated_annealing,46,8,"[7, 1, 3, 0, 6, 4, 2, 5]",0,30,0.0002541542053222656,True
simulated_annealing,47,8,"[5, 7, 1, 3, 0, 6, 4, 2]",0,651,0.005735158920288086,True
simulated_annealing,48,8,"[3, 1, 7, 5, 0, 2, 4, 6]",0,94,0.0007839202880859375,True
simulated_annealing,49,8,"[3, 0, 4, 7, 5, 2, 6, 1]",0,677,0.005562305450439453,True
simulated_annealing,0,10,"[6, 0, 3, 1, 8, 7, 9, 4, 2, 5]",1,1376,0.01572585105895996,False
simulated_annealing,1,10,"[9, 0, 4, 1, 5, 8, 2, 7, 3, 6]",1,1376,0.015967369079589844,False
simulated_annealing,2,10,"[2, 6, 1, 7, 5, 0, 9, 4, 8, 3]",0,868,0.010168075561523438,True
simulated_annealing,3,10,"[7, 5, 1, 6, 9, 0, 2, 4, 8, 3]",0,683,0.008074760437011719,True
simulated_annealing,4,10,"[9, 4, 2, 0, 6, 1, 7, 5, 3, 8]",0,803,0.009119510650634766,True
simulated_annealing,5,10,"[7, 0, 2, 8, 6, 1, 3, 5, 9, 4]",0,715,0.008306741714477539,True
simulated_annealing,6,10,"[3, 8, 6, 2, 0, 5, 1, 4, 9, 7]",0,941,0.01086115837097168,True
simulated_annealing,7,10,"[6, 0, 2, 5, 7, 9, 3, 8, 4, 1]",0,151,0.001711130142211914,True
simulated_annealing,8,10,"[6, 1, 7, 2, 0, 9, 4, 8, 5, 3]",0,1256,0.014402389526367188,True
simulated_annealing,9,10,"[5, 8, 0, 3, 6, 9, 7, 1, 4, 2]",0,810,0.009378910064697266,True
simulated_annealing,10,10,"[3, 5, 8, 2, 9, 7, 1, 4, 6, 0]",0,759,0.008577108383178711,True
simulated_annealing,11,10,"[2, 4, 8, 7, 3, 6, 0, 5, 1, 9]",1,1376,0.0202634334564209,False
simulated_annealing,12,10,"[6, 2, 9, 5, 0, 8, 4, 7, 1, 3]",0,1049,0.014079809188842773,True
simulated_annealing,13,10,"[1, 8, 5, 0, 2, 9, 6, 3, 7, 4]",0,1197,0.013739824295043945,True
simulated_annealing,14,10,"[8, 2, 4, 1, 7, 9, 6, 3, 5, 0]",0,872,0.010118484497070312,True
simulated_annealing,15,10,"[4, 8, 1, 3, 7, 0, 2, 5, 9, 6]",0,807,0.00928044319152832,True
simulated_annealing,16,10,"[6, 3, 1, 4, 8, 0, 9, 7, 5, 2]",0,157,0.0017881393432617188,True
simulated_annealing,17,10,"[4, 1, 7, 9, 2, 8, 5, 3, 0, 6]",0,852,0.009641885757446289,True
simulated_annealing,18,10,"[5, 7, 1, 4, 0, 8, 3, 9, 6, 2]",0,626,0.007086515426635742,True
simulated_annealing,19,10,"[3, 6, 4, 2, 0, 9, 7, 5, 8, 1]",0,905,0.01031494140625,True
simulated_annealing,20,10,"[5, 0, 2, 9, 7, 1, 3, 8, 6, 4]",0,1240,0.014341354370117188,True
simulated_annealing,21,10,"[4, 8, 0, 3, 1, 7, 9, 6, 2, 5]",0,794,0.009097576141357422,True
simulated_annealing,22,10,"[0, 7, 5, 1, 6, 9, 3, 8, 4, 2]",0,640,0.007346630096435547,True
simulated_annealing,23,10,"[0, 5, 3, 6, 9, 7, 1, 4, 2, 8]",0,635,0.007077932357788086,True
simulated_annealing,24,10,"[3, 8, 4, 1, 9, 0, 5, 7, 2, 6]",0,867,0.00961923599243164,True
simulated_annealing,25,10,"[5, 0, 6, 1, 7, 2, 8, 3, 9, 4]",0,809,0.009221076965332031,True
simulated_annealing,26,10,"[2, 5, 9, 6, 1, 3, 8, 0, 7, 4]",1,1376,0.015677213668823242,False
simulated_annealing,27,10,"[2, 4, 9, 7, 3, 1, 6, 8, 5, 0]",0,788,0.009299039840698242,True
simulated_annealing,28,10,"[5, 3, 1, 7, 2, 6, 9, 0, 8, 4]",0,458,0.005605220794677734,True
simulated_annealing,29,10,"[4, 2, 8, 3, 9, 7, 5, 1, 6, 0]",0,1019,0.01186060905456543,True
simulated_annealing,30,10,"[7, 1, 8, 0, 5, 3, 9, 6, 4, 2]",0,1159,0.013389348983764648,True
simulated_annealing,31,10,"[7, 5, 1, 6, 9, 0, 2, 4, 8, 3]",0,704,0.008102178573608398,True
simulated_annealing,32,10,"[7, 4, 1, 3, 8, 6, 2, 9, 5, 0]",0,790,0.008945465087890625,True
simulated_annealing,33,10,"[3, 8, 4, 9, 0, 5, 7, 1, 6, 2]",0,882,0.00991201400756836,True
simulated_annealing,34,10,"[5, 3, 1, 6, 8, 2, 0, 7, 9, 4]",0,865,0.012987136840820312,True
simulated_annealing,35,10,"[3, 7, 4, 8, 0, 9, 1, 5, 2, 6]",0,761,0.012366056442260742,True
simulated_annealing,36,10,"[3, 7, 0, 8, 5, 1, 6, 9, 2, 4]",0,546,0.006571769714355469,True
simulated_annealing,37,10,"[6, 2, 0, 7, 4, 8, 5, 9, 1, 3]",0,222,0.0025489330291748047,True
simulated_annealing,38,10,"[5, 3, 9, 0, 4, 1, 7, 2, 6, 8]",0,890,0.010094881057739258,True
simulated_annealing,39,10,"[3, 8, 4, 2, 0, 9, 6, 1, 5, 7]",0,788,0.008840799331665039,True
simulated_annealing,40,10,"[3, 5, 7, 9, 1, 6, 8, 0, 2, 4]",0,1260,0.018636703491210938,True
simulated_annealing,41,10,"[2, 9, 5, 1, 8, 4, 0, 7, 3, 6]",0,1218,0.01665973663330078,True
simulated_annealing,42,10,"[3, 7, 0, 8, 1, 4, 6, 9, 2, 5]",0,1053,0.012248992919921875,True
simulated_annealing,43,10,"[0, 5, 7, 9, 3, 8, 2, 4, 6, 1]",0,852,0.010192155838012695,True
simulated_annealing,44,10,"[4, 2, 7, 5, 1, 8, 0, 3, 6, 9]",0,615,0.006916999816894531,True
simulated_annealing,45,10,"[9, 3, 5, 2, 8, 1, 4, 7, 0, 6]",0,969,0.010937213897705078,True
simulated_annealing,46,10,"[7, 2, 4, 8, 1, 5, 9, 6, 0, 3]",0,1350,0.015451908111572266,True
simulated_annealing,47,10,"[1, 6, 4, 2, 8, 3, 9, 7, 5, 0]",0,1101,0.012892007827758789,True
simulated_annealing,48,10,"[0, 5, 7, 1, 6, 8, 2, 4, 9, 3]",0,740,0.008348464965820312,True
simulated_annealing,49,10,"[4, 7, 5, 8, 2, 0, 3, 6, 9, 1]",0,1079,0.012831449508666992,True
simulated_annealing,0,12,"[10, 1, 7, 2, 4, 6, 9, 0, 5, 11, 8, 3]",1,1376,0.023507356643676758,False
simulated_annealing,1,12,"[4, 9, 1, 10, 5, 3, 8, 0, 11, 6, 2, 7]",0,1215,0.019099712371826172,True
simulated_annealing,2,12,"[3, 6, 8, 11, 2, 7, 5, 1, 9, 0, 10, 4]",0,979,0.014795303344726562,True
simulated_annealing,3,12,"[7, 1, 10, 5, 9, 0, 3, 11, 2, 8, 6, 4]",0,1093,0.016423940658569336,True
simulated_annealing,4,12,"[4, 0, 5, 10, 2, 7, 11, 8, 1, 9, 6, 3]",0,720,0.010944604873657227,True
simulated_annealing,5,12,"[3, 11, 6, 4, 0, 10, 5, 2, 8, 1, 7, 9]",0,1092,0.0166776180267334,True
simulated_annealing,6,12,"[9, 11, 3, 10, 6, 4, 1, 7, 0, 2, 8, 5]",1,1376,0.02098393440246582,False
simulated_annealing,7,12,"[9, 0, 4, 7, 10, 3, 11, 8, 5, 2, 6, 1]",0,810,0.012897014617919922,True
simulated_annealing,8,12,"[7, 8, 4, 1, 9, 0, 5, 11, 2, 6, 10, 3]",1,1376,0.02093338966369629,False
simulated_annealing,9,12,"[5, 1, 9, 4, 10, 3, 0, 2, 7, 11, 6, 8]",0,927,0.014482259750366211,True
simulated_annealing,10,12,"[2, 0, 10, 6, 4, 1, 5, 11, 9, 7, 3, 8]",1,1376,0.020848751068115234,False
simulated_annealing,11,12,"[6, 3, 11, 0, 8, 10, 5, 2, 9, 1, 4, 7]",0,934,0.014338254928588867,True
simulated_annealing,12,12,"[6, 3, 1, 8, 11, 5, 10, 0, 9, 4, 2, 7]",0,982,0.014858245849609375,True
simulated_annealing,13,12,"[10, 7, 3, 6, 9, 2, 0, 11, 8, 5, 1, 4]",0,959,0.014515399932861328,True
simulated_annealing,14,12,"[2, 9, 6, 10, 1, 4, 11, 0, 8, 3, 5, 7]",0,967,0.014797210693359375,True
simulated_annealing,15,12,"[6, 2, 9, 5, 1, 8, 10, 3, 7, 0, 4, 11]",0,799,0.012091398239135742,True
simulated_annealing,16,12,"[1, 11, 6, 3, 9, 4, 8, 0, 2, 7, 5, 10]",1,1376,0.02106785774230957,False
simulated_annealing,17,12,"[8, 1, 5, 2, 10, 7, 3, 11, 9, 4, 6, 0]",0,717,0.011095523834228516,True
simulated_annealing,18,12,"[2, 5, 7, 4, 10, 0, 6, 3, 11, 8, 1, 9]",0,846,0.013066530227661133,True
simulated_annealing,19,12,"[3, 10, 8, 1, 5, 2, 0, 7, 4, 11, 9, 6]",0,1027,0.015579700469970703,True
simulated_annealing,20,12,"[4, 9, 0, 8, 11, 1, 6, 2, 5, 10, 7, 3]",1,1376,0.020952224731445312,False
simulated_annealing,21,12,"[2, 9, 11, 8, 1, 4, 10, 0, 6, 3, 5, 7]",0,1260,0.019509077072143555,True
simulated_annealing,22,12,"[4, 7, 11, 2, 6, 1, 9, 0, 3, 10, 8, 5]",0,1156,0.01799774169921875,True
simulated_annealing,23,12,"[6, 1, 5, 10, 0, 9, 4, 2, 7, 3, 11, 8]",0,952,0.014747381210327148,True
simulated_annealing,24,12,"[10, 7, 3, 0, 2, 4, 9, 11, 8, 5, 1, 6]",0,1111,0.017358779907226562,True
simulated_annealing,25,12,"[6, 1, 5, 7, 11, 0, 3, 9, 4, 2, 8, 10]",0,882,0.013098001480102539,True
simulated_annealing,26,12,"[6, 1, 11, 5, 3, 0, 10, 8, 4, 2, 7, 9]",0,1036,0.015803813934326172,True
simulated_annealing,27,12,"[5, 7, 2, 6, 11, 9, 0, 4, 10, 8, 3, 1]",0,730,0.01144862174987793,True
simulated_annealing,28,12,"[11, 3, 8, 4, 2, 0, 10, 7, 5, 6, 9, 1]",1,1376,0.021113872528076172,False
simulated_annealing,29,12,"[4, 2, 10, 5, 11, 8, 1, 3, 6, 9, 7, 0]",0,809,0.012876272201538086,True
simulated_annealing,30,12,"[8, 4, 1, 7, 11, 6, 0, 2, 10, 5, 3, 9]",0,1014,0.015329599380493164,True
simulated_annealing,31,12,"[3, 6, 9, 2, 8, 11, 7, 1, 10, 5, 0, 4]",0,944,0.014831781387329102,True
simulated_annealing,32,12,"[3, 9, 7, 1, 4, 11, 0, 6, 10, 5, 2, 8]",0,738,0.011375188827514648,True
simulated_annealing,33,12,"[2, 0, 7, 10, 8, 6, 4, 1, 11, 9, 5, 3]",0,609,0.00910043716430664,True
simulated_annealing,34,12,"[5, 10, 4, 11, 0, 3, 7, 2, 8, 6, 9, 1]",0,1286,0.01932215690612793,True
simulated_annealing,35,12,"[1, 10, 2, 5, 8, 11, 3, 0, 6, 4, 9, 7]",0,677,0.010476350784301758,True
simulated_annealing,36,12,"[4, 8, 1, 9, 6, 3, 0, 10, 5, 2, 11, 7]",0,670,0.010313034057617188,True
simulated_annealing,37,12,"[9, 2, 0, 10, 6, 1, 5, 11, 8, 3, 7, 4]",0,859,0.013176441192626953,True
simulated_annealing,38,12,"[4, 6, 1, 5, 11, 8, 0, 7, 3, 10, 2, 9]",0,1118,0.017371177673339844,True
simulated_annealing,39,12,"[5, 2, 9, 1, 3, 8, 10, 7, 4, 11, 0, 6]",0,665,0.010288715362548828,True
simulated_annealing,40,12,"[6, 2, 10, 1, 9, 0, 5, 3, 8, 11, 7, 4]",0,1210,0.018466472625732422,True
simulated_annealing,41,12,"[1, 10, 8, 11, 3, 7, 0, 2, 5, 9, 6, 4]",0,1029,0.01588582992553711,True
simulated_annealing,42,12,"[6, 4, 2, 10, 5, 9, 11, 0, 7, 3, 1, 8]",0,888,0.013608932495117188,True
simulated_annealing,43,12,"[10, 2, 7, 1, 4, 0, 9, 11, 5, 8, 6, 3]",0,1131,0.017052173614501953,True
simulated_annealing,44,12,"[5, 2, 10, 6, 4, 9, 1, 3, 7, 11, 8, 0]",0,715,0.010971784591674805,True
simulated_annealing,45,12,"[5, 1, 6, 10, 2, 11, 9, 0, 3, 8, 4, 7]",0,1047,0.015802383422851562,True
simulated_annealing,46,12,"[4, 7, 9, 0, 2, 10, 6, 3, 1, 8, 11, 5]",0,745,0.011352777481079102,True
simulated_annealing,47,12,"[1, 7, 9, 2, 0, 10, 3, 5, 8, 11, 4, 6]",0,1018,0.015425682067871094,True
simulated_annealing,48,12,"[5, 10, 2, 6, 11, 7, 1, 3, 0, 8, 4, 9]",0,1028,0.015897274017333984,True
simulated_annealing,49,12,"[8, 3, 0, 7, 5, 10, 1, 4, 11, 9, 6, 2]",0,340,0.00523066520690918,True
simulated_annealing,0,15,"[12, 0, 3, 10, 7, 9, 14, 2, 13, 1, 6, 8, 5, 11, 4]",0,1374,0.030475139617919922,True
simulated_annealing,1,15,"[10, 7, 5, 1, 9, 13, 0, 2, 3, 8, 6, 4, 12, 14, 11]",1,1376,0.029978275299072266,False
simulated_annealing,2,15,"[1, 8, 12, 0, 7, 14, 10, 5, 2, 9, 3, 13, 11, 4, 6]",0,1060,0.023009061813354492,True
simulated_annealing,3,15,"[14, 7, 9, 12, 6, 3, 11, 0, 4, 13, 10, 8, 1, 5, 2]",1,1376,0.037114620208740234,False
simulated_annealing,4,15,"[5, 7, 13, 11, 2, 6, 3, 0, 10, 12, 14, 1, 8, 4, 9]",0,956,0.020523786544799805,True
simulated_annealing,5,15,"[6, 9, 11, 0, 14, 7, 5, 10, 1, 13, 4, 12, 3, 8, 2]",0,945,0.020917177200317383,True
simulated_annealing,6,15,"[9, 1, 6, 13, 7, 2, 14, 3, 10, 8, 4, 12, 0, 11, 5]",0,982,0.021738767623901367,True
simulated_annealing,7,15,"[13, 1, 10, 8, 6, 3, 0, 11, 14, 5, 9, 12, 4, 2, 7]",0,1027,0.022755861282348633,True
simulated_annealing,8,15,"[7, 13, 8, 3, 0, 14, 5, 9, 12, 6, 2, 10, 1, 11, 4]",1,1376,0.030341148376464844,False
simulated_annealing,9,15,"[4, 6, 11, 9, 5, 1, 13, 8, 10, 2, 7, 14, 12, 3, 0]",1,1376,0.03038477897644043,False
simulated_annealing,10,15,"[5, 2, 0, 14, 11, 9, 12, 6, 4, 1, 10, 13, 7, 3, 8]",0,1272,0.031934499740600586,True
simulated_annealing,11,15,"[9, 4, 6, 1, 3, 11, 8, 14, 5, 2, 0, 12, 7, 13, 10]",0,957,0.020815372467041016,True
simulated_annealing,12,15,"[4, 2, 9, 6, 10, 5, 14, 12, 0, 7, 3, 13, 11, 8, 1]",0,1351,0.02963566780090332,True
simulated_annealing,13,15,"[2, 10, 1, 7, 0, 12, 6, 8, 14, 4, 13, 3, 9, 11, 5]",0,1000,0.021873950958251953,True
simulated_annealing,14,15,"[12, 4, 6, 0, 10, 14, 7, 2, 13, 9, 1, 5, 8, 11, 3]",0,893,0.019572019577026367,True
simulated_annealing,15,15,"[10, 6, 3, 0, 13, 9, 14, 1, 4, 2, 8, 11, 7, 12, 5]",1,1376,0.030547618865966797,False
simulated_annealing,16,15,"[9, 7, 10, 0, 14, 1, 4, 8, 13, 2, 12, 6, 11, 3, 5]",0,1220,0.02679896354675293,True
simulated_annealing,17,15,"[6, 1, 12, 5, 11, 13, 3, 0, 4, 8, 14, 2, 10, 7, 9]",0,1225,0.026658296585083008,True
simulated_annealing,18,15,"[14, 1, 5, 12, 9, 7, 3, 11, 0, 2, 6, 10, 13, 4, 8]",0,1010,0.022017955780029297,True
simulated_annealing,19,15,"[9, 7, 3, 14, 8, 10, 13, 1, 6, 4, 12, 0, 11, 5, 2]",1,1376,0.030280351638793945,False
simulated_annealing,20,15,"[10, 5, 7, 2, 12, 6, 13, 1, 4, 11, 8, 14, 3, 0, 9]",0,839,0.01812601089477539,True
simulated_annealing,21,15,"[8, 1, 9, 13, 6, 0, 7, 14, 11, 5, 2, 4, 10, 12, 3]",1,1376,0.030394315719604492,False
simulated_annealing,22,15,"[14, 4, 2, 8, 11, 3, 10, 13, 5, 1, 12, 7, 0, 6, 9]",0,1012,0.022175312042236328,True
simulated_annealing,23,15,"[8, 1, 3, 13, 0, 9, 12, 6, 11, 14, 2, 4, 10, 7, 5]",1,1376,0.03038311004638672,False
simulated_annealing,24,15,"[6, 1, 13, 0, 14, 7, 10, 2, 9, 12, 4, 3, 8, 11, 5]",1,1376,0.030185937881469727,False
simulated_annealing,25,15,"[13, 10, 8, 3, 1, 12, 9, 5, 0, 4, 14, 7, 11, 6, 2]",1,1376,0.030098438262939453,False
simulated_annealing,26,15,"[6, 0, 9, 4, 1, 14, 11, 7, 10, 13, 2, 5, 3, 8, 12]",0,1013,0.0221865177154541,True
simulated_annealing,27,15,"[1, 6, 14, 12, 8, 0, 3, 7, 2, 11, 13, 10, 5, 9, 4]",0,894,0.019458532333374023,True
simulated_annealing,28,15,"[8, 5, 0, 6, 9, 7, 12, 14, 2, 10, 1, 4, 11, 13, 3]",0,994,0.02205657958984375,True
simulated_annealing,29,15,"[8, 4, 1, 3, 9, 11, 13, 5, 10, 0, 14, 6, 2, 7, 12]",1,1376,0.030241012573242188,False
simulated_annealing,30,15,"[14, 11, 1, 3, 6, 8, 2, 12, 9, 13, 5, 0, 4, 10, 7]",0,1154,0.02519845962524414,True
simulated_annealing,31,15,"[4, 11, 3, 5, 10, 13, 9, 6, 1, 14, 7, 0, 12, 8, 2]",0,799,0.017383337020874023,True
simulated_annealing,32,15,"[9, 3, 0, 8, 14, 1, 6, 10, 5, 13, 11, 4, 7, 12, 2]",0,837,0.018637895584106445,True
simulated_annealing,33,15,"[9, 0, 6, 3, 14, 7, 11, 13, 5, 1, 4, 12, 10, 8, 2]",0,1108,0.024446725845336914,True
simulated_annealing,34,15,"[11, 5, 12, 10, 4, 13, 1, 3, 7, 0, 2, 14, 9, 6, 8]",0,1041,0.023376941680908203,True
simulated_annealing,35,15,"[3, 11, 7, 12, 4, 0, 10, 13, 6, 1, 9, 2, 5, 14, 8]",0,886,0.019390106201171875,True
simulated_annealing,36,15,"[5, 9, 6, 0, 2, 7, 13, 8, 3, 14, 4, 11, 1, 12, 10]",1,1376,0.030348539352416992,False
simulated_annealing,37,15,"[6, 0, 9, 14, 12, 3, 1, 7, 2, 13, 11, 4, 8, 10, 5]",0,1111,0.02437901496887207,True
simulated_annealing,38,15,"[7, 1, 8, 12, 0, 3, 5, 10, 13, 11, 14, 2, 4, 6, 9]",0,1108,0.024397850036621094,True
simulated_annealing,39,15,"[11, 4, 0, 13, 5, 12, 1, 6, 10, 3, 14, 8, 2, 9, 7]",0,820,0.01809239387512207,True
simulated_annealing,40,15,"[11, 6, 8, 0, 14, 9, 7, 2, 4, 12, 10, 13, 5, 3, 1]",0,903,0.0198974609375,True
simulated_annealing,41,15,"[9, 13, 4, 0, 7, 3, 12, 6, 2, 10, 14, 11, 5, 8, 1]",0,1178,0.025759220123291016,True
simulated_annealing,42,15,"[3, 13, 0, 5, 14, 11, 7, 12, 1, 6, 2, 10, 8, 4, 9]",0,805,0.018064498901367188,True
simulated_annealing,43,15,"[9, 4, 13, 0, 14, 12, 5, 1, 6, 10, 2, 11, 8, 3, 7]",0,1011,0.022661209106445312,True
simulated_annealing,44,15,"[7, 2, 11, 14, 10, 13, 0, 3, 1, 6, 12, 9, 4, 8, 5]",0,1108,0.02469468116760254,True
simulated_annealing,45,15,"[4, 6, 1, 12, 7, 5, 13, 9, 14, 3, 11, 2, 8, 10, 0]",0,742,0.016126155853271484,True
simulated_annealing,46,15,"[1, 6, 4, 2, 13, 9, 14, 3, 11, 0, 8, 5, 12, 10, 7]",0,1073,0.02378225326538086,True
simulated_annealing,47,15,"[5, 11, 2, 0, 3, 12, 9, 13, 1, 10, 4, 7, 14, 8, 6]",1,1376,0.0303499698638916,False
simulated_annealing,48,15,"[5, 7, 2, 4, 11, 9, 14, 6, 1, 12, 8, 13, 0, 10, 3]",0,1080,0.02366471290588379,True
simulated_annealing,49,15,"[2, 9, 12, 0, 4, 11, 1, 5, 13, 8, 3, 7, 10, 14, 6]",1,1376,0.030146121978759766,False
genetic_algorithm,0,4,"[2, 0, 3, 1]",0,50,0.007177829742431641,True
genetic_algorithm,1,4,"[2, 0, 3, 1]",0,50,0.00011730194091796875,True
genetic_algorithm,2,4,"[1, 3, 0, 2]",0,50,0.00011038780212402344,True
genetic_algorithm,3,4,"[2, 0, 3, 1]",0,50,0.00010776519775390625,True
genetic_algorithm,4,4,"[2, 0, 3, 1]",0,50,0.00010633468627929688,True
genetic_algorithm,5,4,"[1, 3, 0, 2]",0,50,0.00010657310485839844,True
genetic_algorithm,6,4,"[1, 3, 0, 2]",0,100,0.0008392333984375,True
genetic_algorithm,7,4,"[1, 3, 0, 2]",0,50,0.00010943412780761719,True
genetic_algorithm,8,4,"[2, 0, 3, 1]",0,50,0.000324249267578125,True
genetic_algorithm,9,4,"[1, 3, 0, 2]",0,50,0.00033855438232421875,True
genetic_algorithm,10,4,"[1, 3, 0, 2]",0,50,0.0003216266632080078,True
genetic_algorithm,11,4,"[1, 3, 0, 2]",0,50,0.00010752677917480469,True
genetic_algorithm,12,4,"[2, 0, 3, 1]",0,50,0.00010800361633300781,True
genetic_algorithm,13,4,"[1, 3, 0, 2]",0,50,0.00011014938354492188,True
genetic_algorithm,14,4,"[1, 3, 0, 2]",0,50,0.0003285408020019531,True
genetic_algorithm,15,4,"[1, 3, 0, 2]",0,50,0.00010991096496582031,True
genetic_algorithm,16,4,"[1, 3, 0, 2]",0,50,0.00039696693420410156,True
genetic_algorithm,17,4,"[2, 0, 3, 1]",0,50,0.00032806396484375,True
genetic_algorithm,18,4,"[1, 3, 0, 2]",0,50,0.00037598609924316406,True
genetic_algorithm,19,4,"[2, 0, 3, 1]",0,50,0.0003249645233154297,True
genetic_algorithm,20,4,"[2, 0, 3, 1]",0,50,0.0003228187561035156,True
genetic_algorithm,21,4,"[1, 3, 0, 2]",0,50,0.00010800361633300781,True
genetic_algorithm,22,4,"[1, 3, 0, 2]",0,50,0.00010561943054199219,True
genetic_algorithm,23,4,"[1, 3, 0, 2]",0,50,0.00010609626770019531,True
genetic_algorithm,24,4,"[1, 3, 0, 2]",0,50,0.00032806396484375,True
genetic_algorithm,25,4,"[1, 3, 0, 2]",0,50,0.0003361701965332031,True
genetic_algorithm,26,4,"[2, 0, 3, 1]",0,50,0.00032782554626464844,True
genetic_algorithm,27,4,"[1, 3, 0, 2]",0,50,0.00032830238342285156,True
genetic_algorithm,28,4,"[2, 0, 3, 1]",0,100,0.0018687248229980469,True
genetic_algorithm,29,4,"[2, 0, 3, 1]",0,50,0.000110626220703125,True
genetic_algorithm,30,4,"[2, 0, 3, 1]",0,50,0.00010752677917480469,True
genetic_algorithm,31,4,"[1, 3, 0, 2]",0,50,0.0001068115234375,True
genetic_algorithm,32,4,"[2, 0, 3, 1]",0,50,0.00010633468627929688,True
genetic_algorithm,33,4,"[1, 3, 0, 2]",0,50,0.00032830238342285156,True
genetic_algorithm,34,4,"[1, 3, 0, 2]",0,50,0.0002758502960205078,True
genetic_algorithm,35,4,"[1, 3, 0, 2]",0,50,0.00010728836059570312,True
genetic_algorithm,36,4,"[1, 3, 0, 2]",0,50,0.0004374980926513672,True
genetic_algorithm,37,4,"[1, 3, 0, 2]",0,50,0.00010919570922851562,True
genetic_algorithm,38,4,"[1, 3, 0, 2]",0,50,0.00010776519775390625,True
genetic_algorithm,39,4,"[2, 0, 3, 1]",0,50,0.0001068115234375,True
genetic_algorithm,40,4,"[2, 0, 3, 1]",0,50,0.0001068115234375,True
genetic_algorithm,41,4,"[1, 3, 0, 2]",0,50,0.0003261566162109375,True
genetic_algorithm,42,4,"[1, 3, 0, 2]",0,50,0.0003261566162109375,True
genetic_algorithm,43,4,"[1, 3, 0, 2]",0,50,0.00010704994201660156,True
genetic_algorithm,44,4,"[2, 0, 3, 1]",0,50,0.0003268718719482422,True
genetic_algorithm,45,4,"[1, 3, 0, 2]",0,50,0.00032401084899902344,True
genetic_algorithm,46,4,"[1, 3, 0, 2]",0,50,0.00032711029052734375,True
genetic_algorithm,47,4,"[2, 0, 3, 1]",0,50,0.0003254413604736328,True
genetic_algorithm,48,4,"[2, 0, 3, 1]",0,50,0.00010728836059570312,True
genetic_algorithm,49,4,"[2, 0, 3, 1]",0,50,0.00011086463928222656,True
genetic_algorithm,0,8,"[1, 7, 5, 0, 2, 4, 6, 3]",0,300,0.007840394973754883,True
genetic_algorithm,1,8,"[1, 7, 5, 0, 2, 4, 6, 3]",0,150,0.003210783004760742,True
genetic_algorithm,2,8,"[2, 4, 7, 3, 0, 6, 1, 5]",0,100,0.0017206668853759766,True
genetic_algorithm,3,8,"[6, 1, 5, 2, 0, 3, 7, 4]",0,100,0.0016932487487792969,True
genetic_algorithm,4,8,"[3, 5, 7, 1, 6, 0, 2, 4]",0,350,0.009232521057128906,True
genetic_algorithm,5,8,"[3, 1, 7, 5, 0, 2, 4, 6]",0,100,0.001703500747680664,True
genetic_algorithm,6,8,"[6, 3, 1, 7, 5, 0, 2, 4]",0,650,0.01865386962890625,True
genetic_algorithm,7,8,"[4, 2, 0, 5, 7, 1, 3, 6]",0,200,0.005063533782958984,True
genetic_algorithm,8,8,"[5, 2, 6, 1, 7, 4, 0, 3]",0,200,0.00464177131652832,True
genetic_algorithm,9,8,"[2, 6, 1, 7, 5, 3, 0, 4]",0,300,0.007608175277709961,True
genetic_algorithm,10,8,"[7, 1, 4, 2, 0, 6, 3, 5]",0,350,0.009273290634155273,True
genetic_algorithm,11,8,"[6, 3, 1, 7, 5, 0, 2, 4]",0,350,0.008851289749145508,True
genetic_algorithm,12,8,"[2, 6, 1, 7, 5, 3, 0, 4]",0,300,0.0076444149017333984,True
genetic_algorithm,13,8,"[6, 3, 1, 7, 5, 0, 2, 4]",0,1000,0.031079769134521484,True
genetic_algorithm,14,8,"[2, 5, 3, 0, 7, 4, 6, 1]",0,300,0.007512807846069336,True
genetic_algorithm,15,8,"[1, 6, 2, 5, 7, 4, 0, 3]",0,150,0.0034215450286865234,True
genetic_algorithm,16,8,"[5, 2, 0, 7, 3, 1, 6, 4]",0,400,0.01056051254272461,True
genetic_algorithm,17,8,"[2, 5, 7, 0, 4, 6, 1, 3]",0,300,0.007681846618652344,True
genetic_algorithm,18,8,"[2, 5, 1, 6, 0, 3, 7, 4]",0,250,0.0064809322357177734,True
genetic_algorithm,19,8,"[1, 5, 0, 6, 3, 7, 2, 4]",0,100,0.0020401477813720703,True
genetic_algorithm,20,8,"[4, 7, 3, 0, 6, 1, 5, 2]",0,350,0.008969545364379883,True
genetic_algorithm,21,8,"[4, 2, 0, 5, 7, 1, 3, 6]",0,200,0.004609584808349609,True
genetic_algorithm,22,8,"[3, 6, 4, 1, 5, 0, 2, 7]",0,100,0.0017032623291015625,True
genetic_algorithm,23,8,"[3, 5, 0, 4, 1, 7, 2, 6]",0,100,0.0016973018646240234,True
genetic_algorithm,24,8,"[6, 2, 0, 5, 7, 4, 1, 3]",0,200,0.0045948028564453125,True
genetic_algorithm,25,8,"[5, 7, 1, 3, 0, 6, 4, 2]",0,1950,0.05903792381286621,True
genetic_algorithm,26,8,"[2, 7, 3, 6, 0, 5, 1, 4]",0,250,0.006036281585693359,True
genetic_algorithm,27,8,"[6, 2, 7, 1, 4, 0, 5, 3]",0,200,0.00458073616027832,True
genetic_algorithm,28,8,"[7, 1, 3, 0, 6, 4, 2, 5]",0,250,0.005999565124511719,True
genetic_algorithm,29,8,"[2, 4, 6, 0, 3, 1, 7, 5]",0,150,0.003139019012451172,True
genetic_algorithm,30,8,"[3, 7, 4, 2, 0, 6, 1, 5]",0,100,0.0016841888427734375,True
genetic_algorithm,31,8,"[6, 3, 1, 4, 7, 0, 2, 5]",0,100,0.0017125606536865234,True
genetic_algorithm,32,8,"[2, 7, 3, 6, 0, 5, 1, 4]",0,500,0.013390779495239258,True
genetic_algorithm,33,8,"[2, 0, 6, 4, 7, 1, 3, 5]",0,350,0.009059667587280273,True
genetic_algorithm,34,8,"[3, 1, 6, 4, 0, 7, 5, 2]",0,250,0.006594657897949219,True
genetic_algorithm,35,8,"[4, 2, 0, 5, 7, 1, 3, 6]",0,300,0.007631540298461914,True
genetic_algorithm,36,8,"[7, 1, 4, 2, 0, 6, 3, 5]",0,150,0.0031981468200683594,True
genetic_algorithm,37,8,"[5, 0, 4, 1, 7, 2, 6, 3]",0,1000,0.03049921989440918,True
genetic_algorithm,38,8,"[4, 2, 0, 6, 1, 7, 5, 3]",0,100,0.0017228126525878906,True
genetic_algorithm,39,8,"[3, 5, 7, 2, 0, 6, 4, 1]",0,150,0.003169536590576172,True
genetic_algorithm,40,8,"[5, 7, 1, 3, 0, 6, 4, 2]",0,350,0.008912324905395508,True
genetic_algorithm,41,8,"[3, 6, 0, 7, 4, 1, 5, 2]",0,150,0.0031425952911376953,True
genetic_algorithm,42,8,"[4, 2, 7, 3, 6, 0, 5, 1]",0,150,0.0032482147216796875,True
genetic_algorithm,43,8,"[1, 4, 6, 3, 0, 7, 5, 2]",0,200,0.004632234573364258,True
genetic_algorithm,44,8,"[5, 2, 0, 7, 3, 1, 6, 4]",0,300,0.007521152496337891,True
genetic_algorithm,45,8,"[2, 5, 7, 0, 3, 6, 4, 1]",0,250,0.0060465335845947266,True
genetic_algorithm,46,8,"[5, 1, 6, 0, 2, 4, 7, 3]",0,250,0.0061511993408203125,True
genetic_algorithm,47,8,"[6, 1, 3, 0, 7, 4, 2, 5]",0,350,0.009293079376220703,True
genetic_algorithm,48,8,"[4, 1, 5, 0, 6, 3, 7, 2]",0,1250,0.03741192817687988,True
genetic_algorithm,49,8,"[5, 3, 6, 0, 2, 4, 1, 7]",0,150,0.0032732486724853516,True
genetic_algorithm,0,10,"[7, 4, 1, 9, 6, 3, 0, 8, 5, 2]",0,100,0.0025110244750976562,True
genetic_algorithm,1,10,"[2, 8, 0, 1, 4, 9, 7, 3, 5, 6]",1,10000,0.45900654792785645,False
genetic_algorithm,2,10,"[5, 7, 2, 4, 8, 1, 9, 6, 3, 0]",0,300,0.02644038200378418,True
genetic_algorithm,3,10,"[3, 1, 9, 5, 8, 4, 7, 0, 2, 6]",0,100,0.0034368038177490234,True
genetic_algorithm,4,10,"[0, 7, 5, 1, 6, 9, 3, 8, 4, 2]",0,700,0.052548885345458984,True
genetic_algorithm,5,10,"[3, 8, 2, 7, 9, 0, 5, 1, 4, 6]",0,7400,0.4476184844970703,True
genetic_algorithm,6,10,"[6, 2, 5, 8, 0, 9, 3, 1, 7, 4]",0,200,0.007048368453979492,True
genetic_algorithm,7,10,"[7, 2, 4, 1, 9, 0, 5, 3, 8, 6]",0,600,0.03187370300292969,True
genetic_algorithm,8,10,"[9, 2, 6, 1, 3, 7, 0, 4, 8, 5]",0,800,0.04124784469604492,True
genetic_algorithm,9,10,"[5, 7, 2, 6, 3, 9, 0, 8, 4, 1]",0,350,0.0159757137298584,True
genetic_algorithm,10,10,"[3, 7, 4, 8, 0, 9, 6, 2, 5, 1]",0,500,0.032245635986328125,True
genetic_algorithm,11,10,"[6, 9, 0, 5, 8, 4, 7, 3, 1, 2]",1,10000,0.4924039840698242,False
genetic_algorithm,12,10,"[6, 1, 3, 7, 9, 4, 8, 5, 0, 2]",0,900,0.04938530921936035,True
genetic_algorithm,13,10,"[8, 0, 7, 3, 1, 6, 9, 5, 2, 4]",0,200,0.006770610809326172,True
genetic_algorithm,14,10,"[3, 7, 4, 1, 9, 0, 6, 8, 2, 5]",0,350,0.013069868087768555,True
genetic_algorithm,15,10,"[3, 1, 6, 4, 9, 0, 8, 5, 7, 2]",0,950,0.042382240295410156,True
genetic_algorithm,16,10,"[0, 2, 5, 7, 9, 4, 8, 1, 3, 6]",0,450,0.017145872116088867,True
genetic_algorithm,17,10,"[5, 1, 9, 0, 6, 3, 7, 2, 4, 8]",0,750,0.03271126747131348,True
genetic_algorithm,18,10,"[5, 3, 1, 4, 7, 9, 0, 2, 8, 6]",0,550,0.02089071273803711,True
genetic_algorithm,19,10,"[7, 1, 8, 0, 5, 3, 9, 6, 4, 2]",0,400,0.015398502349853516,True
genetic_algorithm,20,10,"[8, 1, 4, 7, 0, 6, 9, 2, 5, 3]",0,450,0.018074750900268555,True
genetic_algorithm,21,10,"[6, 8, 3, 5, 0, 9, 1, 4, 2, 7]",0,100,0.0023980140686035156,True
genetic_algorithm,22,10,"[9, 6, 0, 3, 1, 7, 5, 8, 2, 4]",0,400,0.01598501205444336,True
genetic_algorithm,23,10,"[9, 6, 3, 0, 4, 1, 8, 5, 7, 2]",0,1050,0.05942654609680176,True
genetic_algorithm,24,10,"[4, 8, 0, 2, 6, 1, 9, 7, 5, 3]",0,150,0.0050678253173828125,True
genetic_algorithm,25,10,"[7, 0, 3, 6, 8, 1, 4, 9, 5, 2]",0,350,0.013616323471069336,True
genetic_algorithm,26,10,"[4, 7, 3, 6, 9, 2, 0, 5, 8, 1]",0,500,0.0214691162109375,True
genetic_algorithm,27,10,"[6, 2, 0, 7, 5, 8, 1, 9, 4, 3]",1,10000,0.4948389530181885,False
genetic_algorithm,28,10,"[9, 2, 0, 3, 6, 8, 1, 4, 7, 5]",0,2050,0.08918213844299316,True
genetic_algorithm,29,10,"[4, 7, 3, 0, 6, 1, 9, 5, 8, 2]",0,2250,0.09919238090515137,True
genetic_algorithm,30,10,"[4, 7, 9, 0, 2, 5, 8, 6, 1, 3]",0,2100,0.0907754898071289,True
genetic_algorithm,31,10,"[5, 0, 1, 9, 7, 3, 4, 8, 2, 6]",1,10000,0.4599266052246094,False
genetic_algorithm,32,10,"[9, 6, 3, 0, 2, 8, 5, 7, 4, 1]",0,650,0.027094364166259766,True
genetic_algorithm,33,10,"[7, 4, 1, 3, 6, 9, 2, 8, 5, 0]",0,1050,0.06052875518798828,True
genetic_algorithm,34,10,"[5, 7, 1, 6, 0, 2, 4, 8, 3, 9]",0,150,0.004543781280517578,True
genetic_algorithm,35,10,"[7, 2, 4, 9, 1, 8, 5, 3, 6, 0]",0,4850,0.2310478687286377,True
genetic_algorithm,36,10,"[2, 8, 5, 9, 1, 6, 0, 3, 7, 4]",0,900,0.03887009620666504,True
genetic_algorithm,37,10,"[1, 4, 7, 5, 2, 9, 6, 0, 3, 8]",0,550,0.021445035934448242,True
genetic_algorithm,38,10,"[4, 6, 0, 5, 7, 1, 3, 8, 2, 9]",0,3900,0.17155742645263672,True
genetic_algorithm,39,10,"[1, 3, 7, 2, 8, 5, 9, 0, 6, 4]",0,200,0.006376743316650391,True
genetic_algorithm,40,10,"[1, 9, 7, 2, 4, 8, 0, 5, 3, 6]",0,1900,0.0825340747833252,True
genetic_algorithm,41,10,"[2, 6, 8, 3, 0, 4, 9, 1, 5, 7]",0,600,0.023181676864624023,True
genetic_algorithm,42,10,"[5, 7, 4, 1, 3, 9, 6, 8, 2, 0]",0,850,0.03406524658203125,True
genetic_algorithm,43,10,"[0, 9, 6, 4, 7, 1, 8, 2, 5, 3]",0,1150,0.051468610763549805,True
genetic_algorithm,44,10,"[9, 6, 0, 3, 1, 7, 5, 8, 2, 4]",0,350,0.013356447219848633,True
genetic_algorithm,45,10,"[7, 9, 2, 6, 1, 3, 8, 5, 0, 4]",1,10000,0.4978461265563965,False
genetic_algorithm,46,10,"[4, 9, 0, 5, 3, 1, 7, 2, 8, 6]",0,450,0.016619205474853516,True
genetic_algorithm,47,10,"[3, 6, 4, 9, 1, 5, 7, 2, 0, 8]",0,250,0.00888204574584961,True
genetic_algorithm,48,10,"[8, 4, 7, 3, 0, 9, 1, 5, 2, 6]",0,250,0.008786439895629883,True
genetic_algorithm,49,10,"[7, 4, 2, 9, 6, 3, 0, 8, 1, 5]",0,1700,0.07657194137573242,True
genetic_algorithm,0,12,"[7, 5, 10, 2, 0, 8, 4, 9, 1, 6, 11, 3]",0,400,0.019730091094970703,True
genetic_algorithm,1,12,"[3, 0, 7, 9, 2, 6, 8, 11, 5, 1, 10, 4]",0,2550,0.15687894821166992,True
genetic_algorithm,2,12,"[1, 4, 11, 0, 10, 5, 2, 9, 7, 3, 8, 6]",0,8350,0.5653872489929199,True
genetic_algorithm,3,12,"[7, 5, 2, 9, 1, 3, 11, 8, 10, 4, 6, 0]",0,6700,0.4259967803955078,True
genetic_algorithm,4,12,"[7, 4, 1, 3, 8, 6, 11, 2, 10, 5, 0, 9]",0,650,0.0347132682800293,True
genetic_algorithm,5,12,"[7, 3, 6, 11, 9, 1, 5, 10, 2, 0, 8, 4]",0,700,0.05021214485168457,True
genetic_algorithm,6,12,"[10, 5, 2, 0, 3, 7, 11, 8, 1, 4, 6, 9]",0,400,0.02327871322631836,True
genetic_algorithm,7,12,"[10, 1, 7, 9, 11, 0, 2, 4, 6, 8, 3, 5]",0,8450,0.6106998920440674,True
genetic_algorithm,8,12,"[3, 11, 4, 8, 10, 0, 2, 6, 1, 9, 7, 5]",0,3200,0.2276020050048828,True
genetic_algorithm,9,12,"[6, 11, 3, 0, 4, 8, 10, 2, 7, 5, 1, 9]",0,800,0.050978899002075195,True
genetic_algorithm,10,12,"[5, 9, 4, 0, 8, 3, 1, 7, 11, 2, 6, 10]",0,900,0.05531930923461914,True
genetic_algorithm,11,12,"[6, 1, 7, 5, 11, 0, 10, 4, 2, 8, 3, 9]",0,2650,0.16930508613586426,True
genetic_algorithm,12,12,"[6, 0, 10, 8, 11, 5, 2, 9, 1, 4, 7, 3]",0,850,0.046254873275756836,True
genetic_algorithm,13,12,"[3, 9, 7, 10, 4, 2, 0, 11, 6, 8, 5, 1]",0,1900,0.11674118041992188,True
genetic_algorithm,14,12,"[11, 4, 8, 9, 1, 2, 0, 5, 7, 10, 6, 3]",1,10000,0.6375620365142822,False
genetic_algorithm,15,12,"[8, 6, 9, 3, 1, 11, 7, 2, 10, 5, 0, 4]",0,900,0.0488123893737793,True
genetic_algorithm,16,12,"[8, 4, 1, 7, 9, 2, 0, 5, 3, 10, 6, 11]",0,2200,0.13623499870300293,True
genetic_algorithm,17,12,"[7, 5, 0, 9, 10, 8, 3, 1, 4, 2, 11, 6]",1,10000,0.6588218212127686,False
genetic_algorithm,18,12,"[3, 5, 9, 1, 10, 4, 7, 0, 2, 11, 6, 8]",0,550,0.028452634811401367,True
genetic_algorithm,19,12,"[2, 8, 3, 7, 9, 11, 6, 10, 0, 5, 1, 4]",0,700,0.0375211238861084,True
genetic_algorithm,20,12,"[5, 8, 0, 4, 6, 11, 2, 10, 7, 9, 3, 1]",0,1000,0.054842233657836914,True
genetic_algorithm,21,12,"[5, 1, 9, 6, 2, 11, 8, 3, 0, 10, 7, 4]",0,750,0.03932833671569824,True
genetic_algorithm,22,12,"[9, 4, 8, 3, 0, 7, 11, 1, 6, 2, 5, 10]",0,600,0.03130197525024414,True
genetic_algorithm,23,12,"[4, 0, 10, 3, 9, 6, 8, 2, 11, 1, 7, 5]",0,550,0.028243541717529297,True
genetic_algorithm,24,12,"[4, 9, 11, 2, 5, 10, 1, 7, 0, 3, 6, 8]",0,950,0.05353236198425293,True
genetic_algorithm,25,12,"[8, 5, 3, 10, 0, 4, 9, 7, 2, 11, 1, 6]",0,1400,0.08430004119873047,True
genetic_algorithm,26,12,"[3, 11, 6, 2, 1, 10, 5, 7, 9, 0, 8, 4]",1,10000,0.6417546272277832,False
genetic_algorithm,27,12,"[4, 0, 11, 8, 1, 3, 6, 9, 2, 10, 5, 7]",0,400,0.020407676696777344,True
genetic_algorithm,28,12,"[7, 5, 2, 9, 6, 10, 3, 1, 11, 4, 8, 0]",0,600,0.03239774703979492,True
genetic_algorithm,29,12,"[4, 7, 0, 10, 6, 1, 11, 8, 3, 9, 2, 5]",0,1300,0.07625985145568848,True
genetic_algorithm,30,12,"[3, 6, 8, 5, 11, 9, 0, 2, 4, 7, 1, 10]",0,3150,0.18918633460998535,True
genetic_algorithm,31,12,"[3, 7, 4, 11, 5, 10, 6, 0, 2, 8, 1, 9]",0,2200,0.12329936027526855,True
genetic_algorithm,32,12,"[7, 1, 6, 8, 2, 0, 3, 10, 4, 11, 9, 5]",0,1050,0.060076236724853516,True
genetic_algorithm,33,12,"[2, 4, 8, 11, 3, 10, 7, 5, 1, 9, 6, 0]",0,600,0.031128406524658203,True
genetic_algorithm,34,12,"[11, 6, 0, 3, 10, 7, 2, 8, 1, 4, 9, 5]",0,2150,0.12400150299072266,True
genetic_algorithm,35,12,"[2, 4, 6, 8, 3, 11, 0, 5, 9, 1, 10, 7]",0,800,0.042619943618774414,True
genetic_algorithm,36,12,"[3, 6, 10, 7, 2, 0, 8, 4, 1, 9, 11, 5]",0,3300,0.28035902976989746,True
genetic_algorithm,37,12,"[4, 0, 3, 8, 10, 5, 1, 9, 11, 6, 2, 7]",0,1450,0.08922362327575684,True
genetic_algorithm,38,12,"[11, 9, 1, 3, 5, 6, 2, 10, 7, 4, 0, 8]",1,10000,0.608518123626709,False
genetic_algorithm,39,12,"[5, 7, 0, 4, 6, 1, 9, 11, 3, 8, 10, 2]",0,1750,0.1002664566040039,True
genetic_algorithm,40,12,"[4, 6, 1, 11, 5, 8, 0, 3, 10, 2, 7, 9]",0,1450,0.08871626853942871,True
genetic_algorithm,41,12,"[4, 7, 10, 0, 2, 9, 1, 3, 6, 11, 8, 5]",1,10000,0.6410958766937256,False
genetic_algorithm,42,12,"[7, 1, 3, 5, 9, 11, 0, 2, 4, 6, 8, 10]",0,2350,0.13983917236328125,True
genetic_algorithm,43,12,"[9, 7, 3, 2, 0, 11, 1, 5, 10, 6, 4, 8]",1,10000,0.6687967777252197,False
genetic_algorithm,44,12,"[6, 4, 2, 8, 11, 9, 1, 3, 10, 0, 7, 5]",0,400,0.022657155990600586,True
genetic_algorithm,45,12,"[2, 6, 1, 11, 5, 8, 10, 3, 0, 9, 7, 4]",0,4200,0.26741909980773926,True
genetic_algorithm,46,12,"[7, 3, 8, 0, 5, 1, 10, 6, 11, 9, 2, 4]",0,1550,0.0959632396697998,True
genetic_algorithm,47,12,"[3, 5, 7, 11, 1, 6, 4, 9, 0, 8, 10, 2]",0,850,0.05861186981201172,True
genetic_algorithm,48,12,"[4, 1, 7, 9, 11, 2, 8, 6, 3, 10, 0, 5]",0,800,0.06045055389404297,True
genetic_algorithm,49,12,"[3, 10, 7, 2, 4, 9, 0, 8, 5, 11, 6, 1]",0,600,0.046552181243896484,True
genetic_algorithm,0,15,"[14, 6, 9, 7, 12, 3, 0, 2, 4, 8, 11, 13, 1, 10, 5]",0,7550,0.7584123611450195,True
genetic_algorithm,1,15,"[5, 2, 6, 12, 14, 10, 1, 4, 11, 8, 9, 13, 0, 3, 7]",1,10000,0.9569375514984131,False
genetic_algorithm,2,15,"[2, 8, 1, 11, 7, 3, 12, 0, 4, 13, 10, 6, 9, 14, 5]",0,4050,0.43453311920166016,True
genetic_algorithm,3,15,"[12, 5, 3, 6, 0, 11, 8, 14, 2, 9, 1, 4, 7, 10, 13]",0,600,0.05358123779296875,True
genetic_algorithm,4,15,"[12, 6, 3, 14, 7, 4, 13, 11, 8, 1, 5, 9, 2, 0, 10]",0,800,0.06509208679199219,True
genetic_algorithm,5,15,"[8, 10, 1, 6, 2, 7, 13, 3, 14, 9, 5, 12, 4, 0, 11]",0,4500,0.47399115562438965,True
genetic_algorithm,6,15,"[4, 7, 10, 0, 3, 6, 13, 9, 12, 14, 8, 11, 5, 2, 1]",1,10000,1.0502331256866455,False
genetic_algorithm,7,15,"[4, 12, 3, 6, 14, 10, 13, 5, 0, 8, 1, 11, 9, 7, 2]",0,500,0.03867816925048828,True
genetic_algorithm,8,15,"[3, 6, 2, 14, 11, 1, 7, 9, 12, 0, 4, 8, 10, 5, 13]",0,4950,0.41548776626586914,True
genetic_algorithm,9,15,"[7, 11, 4, 14, 1, 6, 9, 3, 0, 13, 10, 5, 2, 8, 12]",0,500,0.03731894493103027,True
genetic_algorithm,10,15,"[12, 4, 9, 5, 8, 10, 0, 13, 1, 6, 11, 2, 7, 3, 14]",1,10000,0.9245870113372803,False
genetic_algorithm,11,15,"[8, 12, 14, 7, 5, 1, 11, 0, 6, 3, 10, 13, 9, 2, 4]",0,2200,0.1847527027130127,True
genetic_algorithm,12,15,"[11, 14, 3, 7, 2, 13, 8, 0, 4, 12, 9, 5, 1, 10, 6]",0,2150,0.2425527572631836,True
genetic_algorithm,13,15,"[10, 9, 12, 5, 4, 1, 11, 13, 7, 3, 14, 0, 6, 8, 2]",1,10000,1.030696153640747,False
genetic_algorithm,14,15,"[13, 9, 7, 3, 11, 2, 10, 4, 14, 12, 5, 1, 8, 6, 0]",1,10000,1.0635108947753906,False
genetic_algorithm,15,15,"[8, 4, 0, 9, 13, 6, 1, 7, 2, 14, 12, 10, 3, 5, 11]",0,2450,0.2388324737548828,True
genetic_algorithm,16,15,"[11, 9, 7, 4, 2, 0, 10, 5, 12, 8, 13, 3, 1, 6, 14]",1,10000,0.979344367980957,False
genetic_algorithm,17,15,"[8, 11, 3, 10, 2, 5, 1, 12, 14, 0, 6, 4, 9, 7, 13]",0,3200,0.30904126167297363,True
genetic_algorithm,18,15,"[13, 2, 10, 7, 1, 4, 9, 14, 3, 11, 8, 5, 12, 6, 0]",0,9100,0.8241159915924072,True
genetic_algorithm,19,15,"[10, 12, 1, 3, 6, 9, 4, 14, 8, 2, 13, 7, 0, 11, 5]",1,10000,0.8967406749725342,False
genetic_algorithm,20,15,"[8, 0, 7, 4, 1, 5, 12, 14, 11, 3, 6, 13, 10, 2, 9]",0,4400,0.42127275466918945,True
genetic_algorithm,21,15,"[2, 7, 12, 8, 0, 14, 6, 10, 1, 4, 11, 9, 3, 5, 13]",0,5550,0.4984736442565918,True
genetic_algorithm,22,15,"[5, 2, 8, 3, 14, 9, 1, 4, 11, 0, 6, 13, 10, 12, 7]",0,1100,0.09379935264587402,True
genetic_algorithm,23,15,"[12, 7, 1, 10, 6, 14, 0, 4, 8, 13, 11, 9, 2, 5, 3]",0,900,0.07731008529663086,True
genetic_algorithm,24,15,"[9, 12, 8, 3, 0, 10, 7, 11, 6, 2, 13, 1, 14, 4, 5]",1,10000,1.0292022228240967,False
genetic_algorithm,25,15,"[1, 12, 8, 11, 0, 2, 14, 5, 7, 13, 9, 4, 6, 3, 10]",1,10000,0.9620392322540283,False
genetic_algorithm,26,15,"[5, 14, 6, 8, 2, 12, 7, 0, 10, 3, 9, 13, 4, 1, 11]",1,10000,0.8740754127502441,False
genetic_algorithm,27,15,"[8, 5, 9, 2, 14, 11, 6, 3, 13, 10, 12, 4, 1, 7, 0]",0,1150,0.09222745895385742,True
genetic_algorithm,28,15,"[9, 2, 6, 14, 0, 10, 8, 13, 5, 3, 1, 11, 7, 12, 4]",0,1900,0.16910290718078613,True
genetic_algorithm,29,15,"[11, 14, 6, 12, 10, 2, 7, 5, 1, 9, 0, 13, 3, 4, 8]",1,10000,0.9000780582427979,False
genetic_algorithm,30,15,"[5, 1, 10, 4, 11, 8, 12, 2, 6, 13, 9, 0, 14, 3, 7]",0,8000,0.7514970302581787,True
genetic_algorithm,31,15,"[2, 3, 10, 14, 11, 6, 5, 1, 12, 4, 13, 8, 0, 9, 7]",1,10000,0.912390947341919,False
genetic_algorithm,32,15,"[9, 2, 8, 13, 4, 1, 14, 10, 6, 3, 12, 0, 11, 5, 7]",0,2500,0.2515294551849365,True
genetic_algorithm,33,15,"[4, 6, 8, 0, 2, 12, 14, 9, 3, 10, 13, 11, 1, 5, 7]",0,4700,0.45602869987487793,True
genetic_algorithm,34,15,"[11, 3, 10, 6, 14, 1, 7, 12, 2, 8, 5, 9, 4, 13, 0]",0,7550,0.7182247638702393,True
genetic_algorithm,35,15,"[5, 11, 2, 0, 6, 14, 12, 8, 1, 13, 4, 3, 9, 7, 10]",1,10000,1.0994713306427002,False
genetic_algorithm,36,15,"[12, 8, 13, 3, 7, 11, 2, 0, 5, 1, 9, 6, 10, 14, 4]",0,4800,0.4560368061065674,True
genetic_algorithm,37,15,"[12, 3, 9, 2, 4, 8, 1, 11, 13, 0, 7, 5, 10, 14, 6]",0,1950,0.18216967582702637,True
genetic_algorithm,38,15,"[8, 5, 12, 6, 0, 14, 7, 13, 2, 9, 1, 4, 10, 3, 11]",0,2450,0.21654772758483887,True
genetic_algorithm,39,15,"[2, 7, 12, 4, 8, 14, 3, 11, 6, 9, 0, 5, 1, 13, 10]",1,10000,0.9536199569702148,False
genetic_algorithm,40,15,"[8, 14, 4, 0, 7, 12, 10, 5, 2, 9, 11, 3, 1, 6, 13]",0,1350,0.1416172981262207,True
genetic_algorithm,41,15,"[12, 6, 0, 10, 5, 13, 2, 7, 11, 1, 14, 4, 9, 3, 8]",0,750,0.06575775146484375,True
genetic_algorithm,42,15,"[7, 13, 1, 6, 2, 11, 14, 9, 3, 12, 10, 4, 0, 5, 8]",1,10000,0.9304087162017822,False
genetic_algorithm,43,15,"[13, 2, 6, 5, 1, 10, 4, 14, 11, 7, 0, 3, 8, 12, 9]",1,10000,1.282146692276001,False
genetic_algorithm,44,15,"[3, 11, 9, 4, 2, 5, 14, 12, 0, 8, 6, 13, 1, 10, 7]",0,9800,1.2319278717041016,True
genetic_algorithm,45,15,"[5, 8, 14, 7, 13, 3, 1, 4, 10, 12, 9, 11, 2, 0, 6]",0,3950,0.38717055320739746,True
genetic_algorithm,46,15,"[3, 9, 4, 12, 8, 6, 1, 13, 0, 14, 7, 10, 2, 11, 5]",0,1100,0.09312057495117188,True
genetic_algorithm,47,15,"[9, 7, 10, 8, 3, 0, 4, 14, 5, 11, 6, 12, 2, 13, 1]",0,1400,0.12801504135131836,True
genetic_algorithm,48,15,"[1, 7, 5, 8, 11, 14, 4, 2, 12, 9, 6, 3, 0, 10, 13]",0,2450,0.26956963539123535,True
genetic_algorithm,49,15,"[3, 12, 10, 8, 13, 0, 4, 9, 1, 6, 14, 11, 2, 7, 5]",0,950,0.0733344554901123,True
